Title,Abstract,StoreId,ArticleType,Authors,copyright,digitalObjectIdentifier,documentType,entryDate,issn,language,languageOfSummary,pages,placeOfPublication,pubdate,pubtitle,year,DocumentURL,startPage,FindACopy,Database
"A Bondsman Rejoices At Return Of $1,000 Client","Mrs. Marie Smith, alias Marie Davis, alias Lavenia Pearson, age 30, is in police custody this week because Gene Geary, a bondsman, wasn't willing to pay $1,000 for her freedom.",492610083,Historical Newspapers," Orro, David H
David
David H Orro
Orro
H
DAVID H ORRO"," Copyright Real Times, Inc. Jan 20, 1940"," 745568762 , 7325612 , 68419", article," Jan 20, 1940",, English, English, 10," Chicago, Ill.","Jan 20, 1940",The Chicago Defender (National edition) (1921-1967),1940,http://search.proquest.com/docview/492610083?accountid=14496, 10,http://ucelinks.cdlib.org:8888/sfx_local?url_ver=Z39.88-2004&amp;rft_val_fmt=info:ofi/fmt:kev:mtx:journal&amp;genre=article&amp;sid=ProQ:ProQ%3Ahnpchicagodefender&amp;atitle=A+Bondsman+Rejoices+At+Return+Of+%241%2C000+Client&amp;title=The+Chicago+Defender+%28National+edition%29+%281921-1967%29&amp;issn=&amp;date=1940-01-20&amp;volume=&amp;issue=&amp;spage=10&amp;au=Orro%2C+David+H&amp;isbn=&amp;jtitle=The+Chicago+Defender+%28National+edition%29+%281921-1967%29&amp;btitle=&amp;rft_id=info:eric/&amp;rft_id=info:doi/,ProQuest Historical Newspapers: Chicago Defender
Comfortable Coverall Apron,,176353505,Historical Newspapers,," Copyright Tribune Publishing Company Jan 26, 1940"," 466282432 , 6060232 , 53854", article," Jan 26, 1940",, English, English,," Chicago, Ill.","Jan 26, 1940",Chicago Daily Tribune (1923-1963),1940,http://search.proquest.com/docview/176353505?accountid=14496, 18,http://ucelinks.cdlib.org:8888/sfx_local?url_ver=Z39.88-2004&amp;rft_val_fmt=info:ofi/fmt:kev:mtx:journal&amp;genre=article&amp;sid=ProQ:ProQ%3Ahnpchicagotribune&amp;atitle=Comfortable+Coverall+Apron%3A+WOMAN%27S+AND+MISS%27+APRON.&amp;title=Chicago+Daily+Tribune+%281923-1963%29&amp;issn=&amp;date=1940-01-26&amp;volume=&amp;issue=&amp;spage=18&amp;au=&amp;isbn=&amp;jtitle=Chicago+Daily+Tribune+%281923-1963%29&amp;btitle=&amp;rft_id=info:eric/&amp;rft_id=info:doi/,ProQuest Historical Newspapers: Chicago Tribune
Aprons for Every Wardrobe,,176413856,Historical Newspapers,," Copyright Tribune Publishing Company Feb 1, 1940"," 466293762 , 6060282 , 53854", article," Feb 1, 1940",, English, English,," Chicago, Ill.","Feb 1, 1940",Chicago Daily Tribune (1923-1963),1940,http://search.proquest.com/docview/176413856?accountid=14496, 26,http://ucelinks.cdlib.org:8888/sfx_local?url_ver=Z39.88-2004&amp;rft_val_fmt=info:ofi/fmt:kev:mtx:journal&amp;genre=article&amp;sid=ProQ:ProQ%3Ahnpchicagotribune&amp;atitle=Aprons+for+Every+Wardrobe&amp;title=Chicago+Daily+Tribune+%281923-1963%29&amp;issn=&amp;date=1940-02-01&amp;volume=&amp;issue=&amp;spage=26&amp;au=&amp;isbn=&amp;jtitle=Chicago+Daily+Tribune+%281923-1963%29&amp;btitle=&amp;rft_id=info:eric/&amp;rft_id=info:doi/,ProQuest Historical Newspapers: Chicago Tribune
Home Owners' Queries,,176352289,Historical Newspapers,," Copyright Tribune Publishing Company Feb 4, 1940"," 494896912 , 6136882 , 53854", article," Feb 4, 1940",, English, English, d3," Chicago, Ill.","Feb 4, 1940",Chicago Daily Tribune (1923-1963),1940,http://search.proquest.com/docview/176352289?accountid=14496, D3,http://ucelinks.cdlib.org:8888/sfx_local?url_ver=Z39.88-2004&amp;rft_val_fmt=info:ofi/fmt:kev:mtx:journal&amp;genre=article&amp;sid=ProQ:ProQ%3Ahnpchicagotribune&amp;atitle=Home+Owners%27+Queries&amp;title=Chicago+Daily+Tribune+%281923-1963%29&amp;issn=&amp;date=1940-02-04&amp;volume=&amp;issue=&amp;spage=D3&amp;au=&amp;isbn=&amp;jtitle=Chicago+Daily+Tribune+%281923-1963%29&amp;btitle=&amp;rft_id=info:eric/&amp;rft_id=info:doi/,ProQuest Historical Newspapers: Chicago Tribune
"BOY, 15, ILL, ENDS LIFE",,105148185,Historical Newspapers,," Copyright New York Times Company Feb 13, 1940"," 92873072-1 , 1535455 , 43896", article," Feb 13, 1940",0362-4331, English, English,," New York, N.Y.","Feb 13, 1940",New York Times (1923-Current file),1940,http://search.proquest.com/docview/105148185?accountid=14496, 8,http://ucelinks.cdlib.org:8888/sfx_local?url_ver=Z39.88-2004&amp;rft_val_fmt=info:ofi/fmt:kev:mtx:journal&amp;genre=article&amp;sid=ProQ:ProQ%3Ahnpnewyorktimeswindex&amp;atitle=BOY%2C+15%2C+ILL%2C+ENDS+LIFE%3A+BRONX+HIGH+SCHOOL+STUDENT+HAD+HAD+NERVOUS+BREAKDOWN&amp;title=New+York+Times+%281923-Current+file%29&amp;issn=03624331&amp;date=1940-02-13&amp;volume=&amp;issue=&amp;spage=8&amp;au=&amp;isbn=&amp;jtitle=New+York+Times+%281923-Current+file%29&amp;btitle=&amp;rft_id=info:eric/&amp;rft_id=info:doi/,ProQuest Historical Newspapers: The New York Times with Index
Voice of the South Side,The demolition of many buildings on the south side and the failure to replace them have produced a shortage in housing accommodations which has reached an acute stage. Families deprived of homes have been forced to crowd into every available space of the remaining habitable buildings.,176279691,Historical Newspapers," Miles, Carolyn D
Carolyn
Carolyn D Miles
Miles
D
CAROLYN D MILES"," Copyright Tribune Publishing Company Jun 23, 1940"," 495097932 , 6137082 , 53854", letter_to_editor," Jun 23, 1940",, English, English, s2," Chicago, Ill.","Jun 23, 1940",Chicago Daily Tribune (1923-1963),1940,http://search.proquest.com/docview/176279691?accountid=14496, S2,http://ucelinks.cdlib.org:8888/sfx_local?url_ver=Z39.88-2004&amp;rft_val_fmt=info:ofi/fmt:kev:mtx:journal&amp;genre=unknown&amp;sid=ProQ:ProQ%3Ahnpchicagotribune&amp;atitle=Voice+of+the+South+Side%3A+SOUTH+SIDE+HOUSING+SHORTAGE.&amp;title=Chicago+Daily+Tribune+%281923-1963%29&amp;issn=&amp;date=1940-06-23&amp;volume=&amp;issue=&amp;spage=S2&amp;au=Miles%2C+Carolyn+D&amp;isbn=&amp;jtitle=Chicago+Daily+Tribune+%281923-1963%29&amp;btitle=&amp;rft_id=info:eric/&amp;rft_id=info:doi/,ProQuest Historical Newspapers: Chicago Tribune
Neat House Frock Ensemble,,176466387,Historical Newspapers,," Copyright Tribune Publishing Company Aug 10, 1940"," 466694322 , 6061922 , 53854", article," Aug 10, 1940",, English, English,," Chicago, Ill.","Aug 10, 1940",Chicago Daily Tribune (1923-1963),1940,http://search.proquest.com/docview/176466387?accountid=14496, 13,http://ucelinks.cdlib.org:8888/sfx_local?url_ver=Z39.88-2004&amp;rft_val_fmt=info:ofi/fmt:kev:mtx:journal&amp;genre=article&amp;sid=ProQ:ProQ%3Ahnpchicagotribune&amp;atitle=Neat+House+Frock+Ensemble&amp;title=Chicago+Daily+Tribune+%281923-1963%29&amp;issn=&amp;date=1940-08-10&amp;volume=&amp;issue=&amp;spage=13&amp;au=&amp;isbn=&amp;jtitle=Chicago+Daily+Tribune+%281923-1963%29&amp;btitle=&amp;rft_id=info:eric/&amp;rft_id=info:doi/,ProQuest Historical Newspapers: Chicago Tribune
Two Pretty Apron Styles,,176488651,Historical Newspapers,," Copyright Tribune Publishing Company Sep 16, 1940"," 466770222 , 6062232 , 53854", article," Sep 16, 1940",, English, English,," Chicago, Ill.","Sep 16, 1940",Chicago Daily Tribune (1923-1963),1940,http://search.proquest.com/docview/176488651?accountid=14496, 16,http://ucelinks.cdlib.org:8888/sfx_local?url_ver=Z39.88-2004&amp;rft_val_fmt=info:ofi/fmt:kev:mtx:journal&amp;genre=article&amp;sid=ProQ:ProQ%3Ahnpchicagotribune&amp;atitle=Two+Pretty+Apron+Styles&amp;title=Chicago+Daily+Tribune+%281923-1963%29&amp;issn=&amp;date=1940-09-16&amp;volume=&amp;issue=&amp;spage=16&amp;au=&amp;isbn=&amp;jtitle=Chicago+Daily+Tribune+%281923-1963%29&amp;btitle=&amp;rft_id=info:eric/&amp;rft_id=info:doi/,ProQuest Historical Newspapers: Chicago Tribune
ILLINOIS SHARES DEFENSE HOUSING OF 45 MILLIONS,"[Special]--John M. Carmody, Federal Works administrator, today announced plans for the construction of housing facilities at three Illinois military posts as part of a $45,762,500 program for 70 projects providing at least 13,000 dwelling units for the...",176405804,Historical Newspapers,," Copyright Tribune Publishing Company Oct 8, 1940"," 466816312 , 6062422 , 53854", article," Oct 8, 1940",, English, English,," Chicago, Ill.","Oct 8, 1940",Chicago Daily Tribune (1923-1963),1940,http://search.proquest.com/docview/176405804?accountid=14496, 24,http://ucelinks.cdlib.org:8888/sfx_local?url_ver=Z39.88-2004&amp;rft_val_fmt=info:ofi/fmt:kev:mtx:journal&amp;genre=article&amp;sid=ProQ:ProQ%3Ahnpchicagotribune&amp;atitle=ILLINOIS+SHARES+DEFENSE+HOUSING+OF+45+MILLIONS%3A+ANNOUNCE+PROJECTS+AT+3+MILITARY+POSTS.&amp;title=Chicago+Daily+Tribune+%281923-1963%29&amp;issn=&amp;date=1940-10-08&amp;volume=&amp;issue=&amp;spage=24&amp;au=&amp;isbn=&amp;jtitle=Chicago+Daily+Tribune+%281923-1963%29&amp;btitle=&amp;rft_id=info:eric/&amp;rft_id=info:doi/,ProQuest Historical Newspapers: Chicago Tribune
POPE TO STAY IN ROME,,105325686,Historical Newspapers,," Copyright New York Times Company Nov 5, 1940"," 112774727-1 , 1639185 , 43896", article," Nov 5, 1940",0362-4331, English, English, 4," New York, N.Y.","Nov 5, 1940",New York Times (1923-Current file),1940,http://search.proquest.com/docview/105325686?accountid=14496, 4,http://ucelinks.cdlib.org:8888/sfx_local?url_ver=Z39.88-2004&amp;rft_val_fmt=info:ofi/fmt:kev:mtx:journal&amp;genre=article&amp;sid=ProQ:ProQ%3Ahnpnewyorktimeswindex&amp;atitle=POPE+TO+STAY+IN+ROME%3A+SPECIAL+PERSONAL+SHELTER+IS+BEING+BUILT+FOR+HIM&amp;title=New+York+Times+%281923-Current+file%29&amp;issn=03624331&amp;date=1940-11-05&amp;volume=&amp;issue=&amp;spage=4&amp;au=&amp;isbn=&amp;jtitle=New+York+Times+%281923-Current+file%29&amp;btitle=&amp;rft_id=info:eric/&amp;rft_id=info:doi/,ProQuest Historical Newspapers: The New York Times with Index
"Mack Acquires Croyden Hotel for $500,000","John J. Mack and associates, owners of the Congress and Chicagoan hotels, yesterday bought the 16 story Croyden hotel at Rush and Ontario streets, for a reported $500,000. The Alack interests bought all of the 15,627 shares of stock of the 616 North Rush corporation, which has owned the...",176567848,Historical Newspapers," Chase, Al
Al
Al Chase
Chase
AL CHASE"," Copyright Tribune Publishing Company Feb 28, 1941"," 467124752 , 6063652 , 53854", article," Feb 28, 1941",, English, English,," Chicago, Ill.","Feb 28, 1941",Chicago Daily Tribune (1923-1963),1941,http://search.proquest.com/docview/176567848?accountid=14496, 27,http://ucelinks.cdlib.org:8888/sfx_local?url_ver=Z39.88-2004&amp;rft_val_fmt=info:ofi/fmt:kev:mtx:journal&amp;genre=article&amp;sid=ProQ:ProQ%3Ahnpchicagotribune&amp;atitle=Mack+Acquires+Croyden+Hotel+for+%24500%2C000&amp;title=Chicago+Daily+Tribune+%281923-1963%29&amp;issn=&amp;date=1941-02-28&amp;volume=&amp;issue=&amp;spage=27&amp;au=Chase%2C+Al&amp;isbn=&amp;jtitle=Chicago+Daily+Tribune+%281923-1963%29&amp;btitle=&amp;rft_id=info:eric/&amp;rft_id=info:doi/,ProQuest Historical Newspapers: Chicago Tribune
"Santa Claus Loses Bag To Bandits, Reindeer To Prominent Barbecue Man","CHICAGO, Adenoids--(By Long Delay Press Service)-- Local police disclosed this week that Santa Claus had been discovered Christmas Eve night, wandering in a daze about the neighborhood of Firty-sith street and...",492615462,Historical Newspapers,," Copyright Real Times, Inc. Mar 8, 1941"," 740904442 , 7289132 , 68419", article," Mar 8, 1941",, English, English, 13," Chicago, Ill.","Mar 8, 1941",The Chicago Defender (National edition) (1921-1967),1941,http://search.proquest.com/docview/492615462?accountid=14496, 13,http://ucelinks.cdlib.org:8888/sfx_local?url_ver=Z39.88-2004&amp;rft_val_fmt=info:ofi/fmt:kev:mtx:journal&amp;genre=article&amp;sid=ProQ:ProQ%3Ahnpchicagodefender&amp;atitle=Santa+Claus+Loses+Bag+To+Bandits%2C+Reindeer+To+Prominent+Barbecue+Man&amp;title=The+Chicago+Defender+%28National+edition%29+%281921-1967%29&amp;issn=&amp;date=1941-03-08&amp;volume=&amp;issue=&amp;spage=13&amp;au=&amp;isbn=&amp;jtitle=The+Chicago+Defender+%28National+edition%29+%281921-1967%29&amp;btitle=&amp;rft_id=info:eric/&amp;rft_id=info:doi/,ProQuest Historical Newspapers: Chicago Defender
Streeterville Apartments to Be Modernized,"One of Streeterville's oldest and most widely known apartment building, the seven story structure at 222 East Delaware place, was sold yesterday by the Continential Illinois National. Bank and Trust company to the Two Twenty Two East Delaware corporation.",176610446,Historical Newspapers," Chase, Al
Al
Al Chase
Chase
AL CHASE"," Copyright Tribune Publishing Company Apr 24, 1941"," 467269062 , 6064122 , 53854", article," Apr 24, 1941",, English, English,," Chicago, Ill.","Apr 24, 1941",Chicago Daily Tribune (1923-1963),1941,http://search.proquest.com/docview/176610446?accountid=14496, 29,http://ucelinks.cdlib.org:8888/sfx_local?url_ver=Z39.88-2004&amp;rft_val_fmt=info:ofi/fmt:kev:mtx:journal&amp;genre=article&amp;sid=ProQ:ProQ%3Ahnpchicagotribune&amp;atitle=Streeterville+Apartments+to+Be+Modernized&amp;title=Chicago+Daily+Tribune+%281923-1963%29&amp;issn=&amp;date=1941-04-24&amp;volume=&amp;issue=&amp;spage=29&amp;au=Chase%2C+Al&amp;isbn=&amp;jtitle=Chicago+Daily+Tribune+%281923-1963%29&amp;btitle=&amp;rft_id=info:eric/&amp;rft_id=info:doi/,ProQuest Historical Newspapers: Chicago Tribune
DOG AVERTS GAS SUICIDE,,105502545,Historical Newspapers,," Copyright New York Times Company Jul 5, 1941"," 87638562-1 , 1509666 , 43896", article," Jul 5, 1941",0362-4331, English, English,," New York, N.Y.","Jul 5, 1941",New York Times (1923-Current file),1941,http://search.proquest.com/docview/105502545?accountid=14496, 13,http://ucelinks.cdlib.org:8888/sfx_local?url_ver=Z39.88-2004&amp;rft_val_fmt=info:ofi/fmt:kev:mtx:journal&amp;genre=article&amp;sid=ProQ:ProQ%3Ahnpnewyorktimeswindex&amp;atitle=DOG+AVERTS+GAS+SUICIDE%3A+BARKS+ATTRACT+NEIGHBOR+TO+ROOM+OF+WOMAN+IN+16TH+STREET&amp;title=New+York+Times+%281923-Current+file%29&amp;issn=03624331&amp;date=1941-07-05&amp;volume=&amp;issue=&amp;spage=13&amp;au=&amp;isbn=&amp;jtitle=New+York+Times+%281923-Current+file%29&amp;btitle=&amp;rft_id=info:eric/&amp;rft_id=info:doi/,ProQuest Historical Newspapers: The New York Times with Index
Pond Cottage to Be Opened Friday at Chicago Farm Camp,,176629424,Historical Newspapers,," Copyright Tribune Publishing Company Jul 10, 1941"," 467497662 , 6066642 , 53854", article," Jul 10, 1941",, English, English,," Chicago, Ill.","Jul 10, 1941",Chicago Daily Tribune (1923-1963),1941,http://search.proquest.com/docview/176629424?accountid=14496, 12,http://ucelinks.cdlib.org:8888/sfx_local?url_ver=Z39.88-2004&amp;rft_val_fmt=info:ofi/fmt:kev:mtx:journal&amp;genre=article&amp;sid=ProQ:ProQ%3Ahnpchicagotribune&amp;atitle=Pond+Cottage+to+Be+Opened+Friday+at+Chicago+Farm+Camp&amp;title=Chicago+Daily+Tribune+%281923-1963%29&amp;issn=&amp;date=1941-07-10&amp;volume=&amp;issue=&amp;spage=12&amp;au=&amp;isbn=&amp;jtitle=Chicago+Daily+Tribune+%281923-1963%29&amp;btitle=&amp;rft_id=info:eric/&amp;rft_id=info:doi/,ProQuest Historical Newspapers: Chicago Tribune
SHIRT MAN SELLS ESTATE,,105723145,Historical Newspapers,," Copyright New York Times Company Oct 18, 1941"," 105404818 , 1595040 , 43896", article," Oct 18, 1941",0362-4331, English, English, 29," New York, N.Y.","Oct 18, 1941",New York Times (1923-Current file),1941,http://search.proquest.com/docview/105723145?accountid=14496, 29,http://ucelinks.cdlib.org:8888/sfx_local?url_ver=Z39.88-2004&amp;rft_val_fmt=info:ofi/fmt:kev:mtx:journal&amp;genre=article&amp;sid=ProQ:ProQ%3Ahnpnewyorktimeswindex&amp;atitle=SHIRT+MAN+SELLS+ESTATE%3A+M.G.+WEILER%27S+CONNECTICUT+HOME+BOUGHT+BY+DAVID+GILL&amp;title=New+York+Times+%281923-Current+file%29&amp;issn=03624331&amp;date=1941-10-18&amp;volume=&amp;issue=&amp;spage=29&amp;au=&amp;isbn=&amp;jtitle=New+York+Times+%281923-Current+file%29&amp;btitle=&amp;rft_id=info:eric/&amp;rft_id=info:doi/,ProQuest Historical Newspapers: The New York Times with Index
A Radio Would Bring Cheer to Needy Old Folk,"There are many elderly people in the city who lead very lonely lives. Existing on limited incomes, they are forced to live in small shabby rooms, generally without much sunshine or fresh air. Physical disabilities keep the majority of them confined to their unattractive quarters, failing...",176739303,Historical Newspapers," Brown, Sally Joy
Sally
Sally Joy Brown
Brown
Joy
SALLY JOY BROWN"," Copyright Tribune Publishing Company Dec 19, 1941"," 467938602 , 6068032 , 53854", article," Dec 19, 1941",, English, English,," Chicago, Ill.","Dec 19, 1941",Chicago Daily Tribune (1923-1963),1941,http://search.proquest.com/docview/176739303?accountid=14496, 30,http://ucelinks.cdlib.org:8888/sfx_local?url_ver=Z39.88-2004&amp;rft_val_fmt=info:ofi/fmt:kev:mtx:journal&amp;genre=article&amp;sid=ProQ:ProQ%3Ahnpchicagotribune&amp;atitle=A+Radio+Would+Bring+Cheer+to+Needy+Old+Folk&amp;title=Chicago+Daily+Tribune+%281923-1963%29&amp;issn=&amp;date=1941-12-19&amp;volume=&amp;issue=&amp;spage=30&amp;au=Brown%2C+Sally+Joy&amp;isbn=&amp;jtitle=Chicago+Daily+Tribune+%281923-1963%29&amp;btitle=&amp;rft_id=info:eric/&amp;rft_id=info:doi/,ProQuest Historical Newspapers: Chicago Tribune
WOMAN ENDS LIFE BY GAS,,105498558,Historical Newspapers,," Copyright New York Times Company Dec 27, 1941"," 105414287-1 , 1595053 , 43896", article," Dec 27, 1941",0362-4331, English, English,," New York, N.Y.","Dec 27, 1941",New York Times (1923-Current file),1941,http://search.proquest.com/docview/105498558?accountid=14496, 22,http://ucelinks.cdlib.org:8888/sfx_local?url_ver=Z39.88-2004&amp;rft_val_fmt=info:ofi/fmt:kev:mtx:journal&amp;genre=article&amp;sid=ProQ:ProQ%3Ahnpnewyorktimeswindex&amp;atitle=WOMAN+ENDS+LIFE+BY+GAS%3A+CHRISTMAS+EVE+TENANT+FOUND+DEAD+IN+GREENWICH+VILLAGE&amp;title=New+York+Times+%281923-Current+file%29&amp;issn=03624331&amp;date=1941-12-27&amp;volume=&amp;issue=&amp;spage=22&amp;au=&amp;isbn=&amp;jtitle=New+York+Times+%281923-Current+file%29&amp;btitle=&amp;rft_id=info:eric/&amp;rft_id=info:doi/,ProQuest Historical Newspapers: The New York Times with Index
Frocks for Domestic Role,,176861727,Historical Newspapers,," Copyright Tribune Publishing Company Oct 19, 1942"," 468650952 , 6070642 , 53854", article," Oct 19, 1942",, English, English,," Chicago, Ill.","Oct 19, 1942",Chicago Daily Tribune (1923-1963),1942,http://search.proquest.com/docview/176861727?accountid=14496, 23,http://ucelinks.cdlib.org:8888/sfx_local?url_ver=Z39.88-2004&amp;rft_val_fmt=info:ofi/fmt:kev:mtx:journal&amp;genre=article&amp;sid=ProQ:ProQ%3Ahnpchicagotribune&amp;atitle=Frocks+for+Domestic+Role&amp;title=Chicago+Daily+Tribune+%281923-1963%29&amp;issn=&amp;date=1942-10-19&amp;volume=&amp;issue=&amp;spage=23&amp;au=&amp;isbn=&amp;jtitle=Chicago+Daily+Tribune+%281923-1963%29&amp;btitle=&amp;rft_id=info:eric/&amp;rft_id=info:doi/,ProQuest Historical Newspapers: Chicago Tribune
[Officers Need One-Room Suites,,106538780,Historical Newspapers,," Copyright New York Times Company Jan 10, 1943"," 83893528-1 , 1486323 , 43896", real_estate_transaction," Jan 10, 1943",0362-4331, English, English,," New York, N.Y.","Jan 10, 1943",New York Times (1923-Current file),1943,http://search.proquest.com/docview/106538780?accountid=14496, RE2,http://ucelinks.cdlib.org:8888/sfx_local?url_ver=Z39.88-2004&amp;rft_val_fmt=info:ofi/fmt:kev:mtx:journal&amp;genre=unknown&amp;sid=ProQ:ProQ%3Ahnpnewyorktimeswindex&amp;atitle=%5BOfficers+Need+One-Room+Suites&amp;title=New+York+Times+%281923-Current+file%29&amp;issn=03624331&amp;date=1943-01-10&amp;volume=&amp;issue=&amp;spage=RE2&amp;au=&amp;isbn=&amp;jtitle=New+York+Times+%281923-Current+file%29&amp;btitle=&amp;rft_id=info:eric/&amp;rft_id=info:doi/,ProQuest Historical Newspapers: The New York Times with Index
News of Kin's Suicide Fatal To Mrs. Daiger,"Mrs. Irene Hubbard Daiger, 75, of 5002 Greenleaf Road, Baltimore, Md., died of shock on Thursday upon learning of the suicide of her granddaughter, Miss Shirley Daiger, 25, of 3900 Cathedral Avenue, Northwest.",151632681,Historical Newspapers,," Copyright The Washington Post Company Mar 20, 1943"," 215410132 , 1941262 , 48614", article," Mar 20, 1943",, English, English,," Washington, D.C.","Mar 20, 1943",The Washington Post (1923-1954),1943,http://search.proquest.com/docview/151632681?accountid=14496, 7,http://ucelinks.cdlib.org:8888/sfx_local?url_ver=Z39.88-2004&amp;rft_val_fmt=info:ofi/fmt:kev:mtx:journal&amp;genre=article&amp;sid=ProQ:ProQ%3Ahnpwashingtonpost&amp;atitle=News+of+Kin%27s+Suicide+Fatal+To+Mrs.+Daiger&amp;title=The+Washington+Post+%281923-1954%29&amp;issn=&amp;date=1943-03-20&amp;volume=&amp;issue=&amp;spage=7&amp;au=&amp;isbn=&amp;jtitle=The+Washington+Post+%281923-1954%29&amp;btitle=&amp;rft_id=info:eric/&amp;rft_id=info:doi/,ProQuest Historical Newspapers: The Washington Post
Five Booklets Give Etiquet of Weddings,Spring and summer brides who are concerned about the details of the wedding ceremony and the reception or breakfast to follow will find a handy guide in the wedding etiquet booklets we have prepared.,176803160,Historical Newspapers,," Copyright Tribune Publishing Company Mar 21, 1943"," 475087462 , 6085252 , 53854", article," Mar 21, 1943",, English, English,," Chicago, Ill.","Mar 21, 1943",Chicago Daily Tribune (1923-1963),1943,http://search.proquest.com/docview/176803160?accountid=14496, G7,http://ucelinks.cdlib.org:8888/sfx_local?url_ver=Z39.88-2004&amp;rft_val_fmt=info:ofi/fmt:kev:mtx:journal&amp;genre=article&amp;sid=ProQ:ProQ%3Ahnpchicagotribune&amp;atitle=Five+Booklets+Give+Etiquet+of+Weddings&amp;title=Chicago+Daily+Tribune+%281923-1963%29&amp;issn=&amp;date=1943-03-21&amp;volume=&amp;issue=&amp;spage=G7&amp;au=&amp;isbn=&amp;jtitle=Chicago+Daily+Tribune+%281923-1963%29&amp;btitle=&amp;rft_id=info:eric/&amp;rft_id=info:doi/,ProQuest Historical Newspapers: Chicago Tribune
GAS KILLS 4 IN SLEEP,,106627985,Historical Newspapers,," Copyright New York Times Company Apr 5, 1943"," 85094620-1 , 1493982 , 43896", article," Apr 5, 1943",0362-4331, English, English,," New York, N.Y.","Apr 5, 1943",New York Times (1923-Current file),1943,http://search.proquest.com/docview/106627985?accountid=14496, 21,http://ucelinks.cdlib.org:8888/sfx_local?url_ver=Z39.88-2004&amp;rft_val_fmt=info:ofi/fmt:kev:mtx:journal&amp;genre=article&amp;sid=ProQ:ProQ%3Ahnpnewyorktimeswindex&amp;atitle=GAS+KILLS+4+IN+SLEEP%3A+ONE+OF+VICTIMS+A+WOMAN+--+THREE+JETS+ON+STOVE+OPEN&amp;title=New+York+Times+%281923-Current+file%29&amp;issn=03624331&amp;date=1943-04-05&amp;volume=&amp;issue=&amp;spage=21&amp;au=&amp;isbn=&amp;jtitle=New+York+Times+%281923-Current+file%29&amp;btitle=&amp;rft_id=info:eric/&amp;rft_id=info:doi/,ProQuest Historical Newspapers: The New York Times with Index
Rationing of Milk Protested,,106707341,Historical Newspapers," Railey, Ada
Ada
Ada Railey
Railey
ADA RAILEY"," Copyright New York Times Company Apr 28, 1943"," 83915677-1 , 1486454 , 43896", letter_to_editor," Apr 28, 1943",0362-4331, English, English,," New York, N.Y.","Apr 28, 1943",New York Times (1923-Current file),1943,http://search.proquest.com/docview/106707341?accountid=14496, 22,http://ucelinks.cdlib.org:8888/sfx_local?url_ver=Z39.88-2004&amp;rft_val_fmt=info:ofi/fmt:kev:mtx:journal&amp;genre=unknown&amp;sid=ProQ:ProQ%3Ahnpnewyorktimeswindex&amp;atitle=Rationing+of+Milk+Protested&amp;title=New+York+Times+%281923-Current+file%29&amp;issn=03624331&amp;date=1943-04-28&amp;volume=&amp;issue=&amp;spage=22&amp;au=Railey%2C+Ada&amp;isbn=&amp;jtitle=New+York+Times+%281923-Current+file%29&amp;btitle=&amp;rft_id=info:eric/&amp;rft_id=info:doi/,ProQuest Historical Newspapers: The New York Times with Index
15 SEIZED IN BRAZIL FRAUD,,106730388,Historical Newspapers," Special Cable to THE NEW YORK TIMES.
Special Cable to THE NEW YORK TIMES."," Copyright New York Times Company May 1, 1943"," 85102495-1 , 1494003 , 43896", article," May 1, 1943",0362-4331, English, English,," New York, N.Y.","May 1, 1943",New York Times (1923-Current file),1943,http://search.proquest.com/docview/106730388?accountid=14496, 4,http://ucelinks.cdlib.org:8888/sfx_local?url_ver=Z39.88-2004&amp;rft_val_fmt=info:ofi/fmt:kev:mtx:journal&amp;genre=article&amp;sid=ProQ:ProQ%3Ahnpnewyorktimeswindex&amp;atitle=15+SEIZED+IN+BRAZIL+FRAUD%3A+REGIME+INVESTIGATES+ALLEGED+RACKET+IN+STEEL+STOCKS&amp;title=New+York+Times+%281923-Current+file%29&amp;issn=03624331&amp;date=1943-05-01&amp;volume=&amp;issue=&amp;spage=4&amp;au=Special+Cable+to+THE+NEW+YORK+TIMES.&amp;isbn=&amp;jtitle=New+York+Times+%281923-Current+file%29&amp;btitle=&amp;rft_id=info:eric/&amp;rft_id=info:doi/,ProQuest Historical Newspapers: The New York Times with Index
Household Forum,"Mrs. Leonard G., Chicago--When I find paper stuck to a polished table top, and it won't come off with case, I molsten the paper with a little olive oil, and the difficulty is remedied.",176751967,Historical Newspapers," Bargelt, Louise
Louise
Louise Bargelt
Bargelt
Louise Bargelt"," Copyright Tribune Publishing Company May 10, 1943"," 471579322 , 6076522 , 53854", article," May 10, 1943",, English, English,," Chicago, Ill.","May 10, 1943",Chicago Daily Tribune (1923-1963),1943,http://search.proquest.com/docview/176751967?accountid=14496, 19,http://ucelinks.cdlib.org:8888/sfx_local?url_ver=Z39.88-2004&amp;rft_val_fmt=info:ofi/fmt:kev:mtx:journal&amp;genre=article&amp;sid=ProQ:ProQ%3Ahnpchicagotribune&amp;atitle=Household+Forum&amp;title=Chicago+Daily+Tribune+%281923-1963%29&amp;issn=&amp;date=1943-05-10&amp;volume=&amp;issue=&amp;spage=19&amp;au=Bargelt%2C+Louise&amp;isbn=&amp;jtitle=Chicago+Daily+Tribune+%281923-1963%29&amp;btitle=&amp;rft_id=info:eric/&amp;rft_id=info:doi/,ProQuest Historical Newspapers: Chicago Tribune
Hospital Group Adopts By-Laws,"Two classes of membership were set up in the by-laws accepted yesterday by the Women's Auxiliary to the Suburban Hospital Association at its annual meeting in the Suburban Hospital, Bethesda.",151673112,Historical Newspapers,," Copyright The Washington Post Company Apr 25, 1944"," 217922402 , 1949622 , 48614", article," Apr 25, 1944",, English, English, 5," Washington, D.C.","Apr 25, 1944",The Washington Post (1923-1954),1944,http://search.proquest.com/docview/151673112?accountid=14496, 5,http://ucelinks.cdlib.org:8888/sfx_local?url_ver=Z39.88-2004&amp;rft_val_fmt=info:ofi/fmt:kev:mtx:journal&amp;genre=article&amp;sid=ProQ:ProQ%3Ahnpwashingtonpost&amp;atitle=Hospital+Group+Adopts+By-Laws&amp;title=The+Washington+Post+%281923-1954%29&amp;issn=&amp;date=1944-04-25&amp;volume=&amp;issue=&amp;spage=5&amp;au=&amp;isbn=&amp;jtitle=The+Washington+Post+%281923-1954%29&amp;btitle=&amp;rft_id=info:eric/&amp;rft_id=info:doi/,ProQuest Historical Newspapers: The Washington Post
Hospital Rated For Penicillin At Bethesda,"Suburban Hospital, Bethesda, has been added to the hospitals in the Washington area for allocation of penicillin by the War Production Board, J. Dewey Lutes, superintendent of the hospital, announced yesterday.",151721510,Historical Newspapers,," Copyright The Washington Post Company Jun 22, 1944"," 218027432 , 1950152 , 48614", article," Jun 22, 1944",, English, English,," Washington, D.C.","Jun 22, 1944",The Washington Post (1923-1954),1944,http://search.proquest.com/docview/151721510?accountid=14496, 2,http://ucelinks.cdlib.org:8888/sfx_local?url_ver=Z39.88-2004&amp;rft_val_fmt=info:ofi/fmt:kev:mtx:journal&amp;genre=article&amp;sid=ProQ:ProQ%3Ahnpwashingtonpost&amp;atitle=Hospital+Rated+For+Penicillin+At+Bethesda&amp;title=The+Washington+Post+%281923-1954%29&amp;issn=&amp;date=1944-06-22&amp;volume=&amp;issue=&amp;spage=R7&amp;au=&amp;isbn=&amp;jtitle=New+York+Times+%281923-Current+file%29&amp;btitle=&amp;rft_id=info:eric/&amp;rft_id=info:doi/,ProQuest Historical Newspapers: The Washington Post
"Counsel Vows To Cite Guilty, Clear Medley",The defense attorneys for Joseph D. Medley promised yesterday not only to prove their client did not kill Mrs. Nancy Boyer but to show who did.,151750512,Historical Newspapers,," Copyright The Washington Post Company Jun 4, 1945"," 214458862 , 1936772 , 48614", front_page," Jun 4, 1945",, English, English,," Washington, D.C.","Jun 4, 1945",The Washington Post (1923-1954),1945,http://search.proquest.com/docview/151750512?accountid=14496, 1,http://ucelinks.cdlib.org:8888/sfx_local?url_ver=Z39.88-2004&amp;rft_val_fmt=info:ofi/fmt:kev:mtx:journal&amp;genre=article&amp;sid=ProQ:ProQ%3Ahnpwashingtonpost&amp;atitle=Bishop+Dun+Will+Aid+in+Dedication&amp;title=The+Washington+Post+%281923-1954%29&amp;issn=&amp;date=1950-09-16&amp;volume=&amp;issue=&amp;spage=10&amp;au=&amp;isbn=&amp;jtitle=The+Washington+Post+%281923-1954%29&amp;btitle=&amp;rft_id=info:eric/&amp;rft_id=info:doi/,ProQuest Historical Newspapers: The Washington Post
What The People Say,"I just read an article by Sonia Tomms on Richard Wright's book ""Black Boy."" She stated that we Negroes should stop yelping about how horrible we live.",492723894,Historical Newspapers," Laws, Clifton
Clifton
Clifton Laws
Laws
Clifton Laws"," Copyright Real Times, Inc. Sep 22, 1945"," 741669592 , 7290852 , 68419", letter_to_editor," Sep 22, 1945",, English, English, 12," Chicago, Ill.","Sep 22, 1945",The Chicago Defender (National edition) (1921-1967),1945,http://search.proquest.com/docview/492723894?accountid=14496, 12,http://ucelinks.cdlib.org:8888/sfx_local?url_ver=Z39.88-2004&amp;rft_val_fmt=info:ofi/fmt:kev:mtx:journal&amp;genre=unknown&amp;sid=ProQ:ProQ%3Ahnpchicagodefender&amp;atitle=What+The+People+Say%3A+Takes+Issue+With+Critic+of+%27Black+Boy%27&amp;title=The+Chicago+Defender+%28National+edition%29+%281921-1967%29&amp;issn=&amp;date=1945-09-22&amp;volume=&amp;issue=&amp;spage=12&amp;au=Laws%2C+Clifton&amp;isbn=&amp;jtitle=The+Chicago+Defender+%28National+edition%29+%281921-1967%29&amp;btitle=&amp;rft_id=info:eric/&amp;rft_id=info:doi/,ProQuest Historical Newspapers: Chicago Defender
Two Rooming House Charges Cost Man $10,"Willis F. Kern, 2632 Woodley pl. nw., new owner of the six-story building at 1115 Ninth st. nw., Wednesday was fined $10 in Municipal Court.",151817094,Historical Newspapers,," Copyright The Washington Post Company Oct 12, 1945"," 214590582 , 1937452 , 48614", article," Oct 12, 1945",, English, English, 7," Washington, D.C.","Oct 12, 1945",The Washington Post (1923-1954),1945,http://search.proquest.com/docview/151817094?accountid=14496, 7,http://ucelinks.cdlib.org:8888/sfx_local?url_ver=Z39.88-2004&amp;rft_val_fmt=info:ofi/fmt:kev:mtx:journal&amp;genre=article&amp;sid=ProQ:ProQ%3Ahnpwashingtonpost&amp;atitle=Two+Rooming+House+Charges+Cost+Man+%2410&amp;title=The+Washington+Post+%281923-1954%29&amp;issn=&amp;date=1945-10-12&amp;volume=&amp;issue=&amp;spage=7&amp;au=&amp;isbn=&amp;jtitle=The+Washington+Post+%281923-1954%29&amp;btitle=&amp;rft_id=info:eric/&amp;rft_id=info:doi/,ProQuest Historical Newspapers: The Washington Post
VOICE OF THE PEOPLE,I am a veteran o0 33 months in that rotten lowland called Now Guinea (crying). I was discharged about four Months ago. [Joyful groan] I came home for the first time in about five years.,177220090,Historical Newspapers," VETERAN
VETERAN"," Copyright Tribune Publishing Company Nov 12, 1945"," 478519562 , 6111892 , 53854", letter_to_editor," Nov 12, 1945",, English, English,," Chicago, Ill.","Nov 12, 1945",Chicago Daily Tribune (1923-1963),1945,http://search.proquest.com/docview/177220090?accountid=14496, 14,http://ucelinks.cdlib.org:8888/sfx_local?url_ver=Z39.88-2004&amp;rft_val_fmt=info:ofi/fmt:kev:mtx:journal&amp;genre=unknown&amp;sid=ProQ:ProQ%3Ahnpchicagotribune&amp;atitle=VOICE+OF+THE+PEOPLE%3A+HE+CAN+STILL+LAUGH&amp;title=Chicago+Daily+Tribune+%281923-1963%29&amp;issn=&amp;date=1945-11-12&amp;volume=&amp;issue=&amp;spage=14&amp;au=VETERAN&amp;isbn=&amp;jtitle=Chicago+Daily+Tribune+%281923-1963%29&amp;btitle=&amp;rft_id=info:eric/&amp;rft_id=info:doi/,ProQuest Historical Newspapers: Chicago Tribune
Md. Troopers' Class to Have Mostly Ex-GIs,"Pikesville, Md., Dec. 27 (AP). -- Former servicemen will predominate in the first postwar class of 27 scheduled to attend the State Police School at Pikesville next Thursday.",151786111,Historical Newspapers,," Copyright The Washington Post Company Dec 28, 1945"," 280220092 , 2212402 , 48614", article," Dec 28, 1945",, English, English,," Washington, D.C.","Dec 28, 1945",The Washington Post (1923-1954),1945,http://search.proquest.com/docview/151786111?accountid=14496, 4,http://ucelinks.cdlib.org:8888/sfx_local?url_ver=Z39.88-2004&amp;rft_val_fmt=info:ofi/fmt:kev:mtx:journal&amp;genre=article&amp;sid=ProQ:ProQ%3Ahnpwashingtonpost&amp;atitle=Md.+Troopers%27+Class+to+Have+Mostly+Ex-GIs&amp;title=The+Washington+Post+%281923-1954%29&amp;issn=&amp;date=1945-12-28&amp;volume=&amp;issue=&amp;spage=4&amp;au=&amp;isbn=&amp;jtitle=The+Washington+Post+%281923-1954%29&amp;btitle=&amp;rft_id=info:eric/&amp;rft_id=info:doi/,ProQuest Historical Newspapers: The Washington Post
WOULD ALTER FHA RULE,"To accelerate construction of rental housing in the New York area, the Long Island Home Builders Institute, Inc., has recommended to Commissioner Raymond M. Foley ...",107610160,Historical Newspapers,," Copyright New York Times Company Jun 23, 1946"," 107138727-1 , 1604444 , 43896", article," Jun 23, 1946",0362-4331, English, English, R1," New York, N.Y.","Jun 23, 1946",New York Times (1923-Current file),1946,http://search.proquest.com/docview/107610160?accountid=14496, R1,http://ucelinks.cdlib.org:8888/sfx_local?url_ver=Z39.88-2004&amp;rft_val_fmt=info:ofi/fmt:kev:mtx:journal&amp;genre=article&amp;sid=ProQ:ProQ%3Ahnpnewyorktimeswindex&amp;atitle=WOULD+ALTER+FHA+RULE%3A+BUILDERS+WANT+BATH+COUNTED+AS+HALF+A+ROOM&amp;title=New+York+Times+%281923-Current+file%29&amp;issn=03624331&amp;date=1946-06-23&amp;volume=&amp;issue=&amp;spage=R1&amp;au=&amp;isbn=&amp;jtitle=New+York+Times+%281923-Current+file%29&amp;btitle=&amp;rft_id=info:eric/&amp;rft_id=info:doi/,ProQuest Historical Newspapers: The New York Times with Index
Widow and Vet Forward Pleas for Furnishings,,177272624,Historical Newspapers," Brown, Sally Joy
Sally
Sally Joy Brown
Brown
Joy
SALLY JOY BROWN"," Copyright Tribune Publishing Company Jan 10, 1947"," 473552342 , 6081552 , 53854", article," Jan 10, 1947",, English, English,," Chicago, Ill.","Jan 10, 1947",Chicago Daily Tribune (1923-1963),1947,http://search.proquest.com/docview/177272624?accountid=14496, 20,http://ucelinks.cdlib.org:8888/sfx_local?url_ver=Z39.88-2004&amp;rft_val_fmt=info:ofi/fmt:kev:mtx:journal&amp;genre=article&amp;sid=ProQ:ProQ%3Ahnpchicagotribune&amp;atitle=Widow+and+Vet+Forward+Pleas+for+Furnishings&amp;title=Chicago+Daily+Tribune+%281923-1963%29&amp;issn=&amp;date=1947-01-10&amp;volume=&amp;issue=&amp;spage=20&amp;au=Brown%2C+Sally+Joy&amp;isbn=&amp;jtitle=Chicago+Daily+Tribune+%281923-1963%29&amp;btitle=&amp;rft_id=info:eric/&amp;rft_id=info:doi/,ProQuest Historical Newspapers: Chicago Tribune
Varied Needs Are Outlined by Sally Today,"We hope a sewing machine and a washing machine can be located for Mrs. J. of the near north side, who was referred to us by a social worker. She is the mother of five youngsters, two of whom are twins. Any kind of machine that sews would be a great aid to her in help-...",177418772,Historical Newspapers," Brown, Sally Joy
Sally
Sally Joy Brown
Brown
Joy
SALLY JOY BROWN"," Copyright Tribune Publishing Company Apr 14, 1947"," 473823012 , 6082352 , 53854", article," Apr 14, 1947",, English, English,," Chicago, Ill.","Apr 14, 1947",Chicago Daily Tribune (1923-1963),1947,http://search.proquest.com/docview/177418772?accountid=14496, 32,http://ucelinks.cdlib.org:8888/sfx_local?url_ver=Z39.88-2004&amp;rft_val_fmt=info:ofi/fmt:kev:mtx:journal&amp;genre=article&amp;sid=ProQ:ProQ%3Ahnpchicagotribune&amp;atitle=Varied+Needs+Are+Outlined+by+Sally+Today&amp;title=Chicago+Daily+Tribune+%281923-1963%29&amp;issn=&amp;date=1947-04-14&amp;volume=&amp;issue=&amp;spage=32&amp;au=Brown%2C+Sally+Joy&amp;isbn=&amp;jtitle=Chicago+Daily+Tribune+%281923-1963%29&amp;btitle=&amp;rft_id=info:eric/&amp;rft_id=info:doi/,ProQuest Historical Newspapers: Chicago Tribune
Once a Child,"I read an article in the Tribune which rather forced me to speak out. I'm sending a copy just like this one, with a few exceptions to the above paper.",492735053,Historical Newspapers," Gear, Evangelist L M
Evangelist
Evangelist L M Gear
Gear
L M
Evangelist L M Gear"," Copyright Real Times, Inc. Nov 8, 1947"," 742033112 , 7291742 , 68419", letter_to_editor," Nov 8, 1947",, English, English, 14," Chicago, Ill.","Nov 8, 1947",The Chicago Defender (National edition) (1921-1967),1947,http://search.proquest.com/docview/492735053?accountid=14496, 14,http://ucelinks.cdlib.org:8888/sfx_local?url_ver=Z39.88-2004&amp;rft_val_fmt=info:ofi/fmt:kev:mtx:journal&amp;genre=unknown&amp;sid=ProQ:ProQ%3Ahnpchicagodefender&amp;atitle=Once+a+Child&amp;title=The+Chicago+Defender+%28National+edition%29+%281921-1967%29&amp;issn=&amp;date=1947-11-08&amp;volume=&amp;issue=&amp;spage=14&amp;au=Gear%2C+Evangelist+L+M&amp;isbn=&amp;jtitle=The+Chicago+Defender+%28National+edition%29+%281921-1967%29&amp;btitle=&amp;rft_id=info:eric/&amp;rft_id=info:doi/,ProQuest Historical Newspapers: Chicago Defender
2nd Mystery Blaze Guts Hickman Home,"Fire of suspicious origin early Saturday morning gutted an empty three-story tenement at 1732 Washburne ave., where the four children of James Hickman lost their lives in a blaze last Jan. 16.",492752809,Historical Newspapers,," Copyright Real Times, Inc. Nov 29, 1947"," 746015652 , 7326392 , 68419", article," Nov 29, 1947",, English, English, 3," Chicago, Ill.","Nov 29, 1947",The Chicago Defender (National edition) (1921-1967),1947,http://search.proquest.com/docview/492752809?accountid=14496, 3,http://ucelinks.cdlib.org:8888/sfx_local?url_ver=Z39.88-2004&amp;rft_val_fmt=info:ofi/fmt:kev:mtx:journal&amp;genre=article&amp;sid=ProQ:ProQ%3Ahnpchicagodefender&amp;atitle=2nd+Mystery+Blaze+Guts+Hickman+Home&amp;title=The+Chicago+Defender+%28National+edition%29+%281921-1967%29&amp;issn=&amp;date=1947-11-29&amp;volume=&amp;issue=&amp;spage=3&amp;au=&amp;isbn=&amp;jtitle=The+Chicago+Defender+%28National+edition%29+%281921-1967%29&amp;btitle=&amp;rft_id=info:eric/&amp;rft_id=info:doi/,ProQuest Historical Newspapers: Chicago Defender
Bright Sayings of Children,"Larry was not very pleased about the new baby who was coming to his home. He told his mother: ""If it's a kid, I'll wheel the buggy, but if it's a girl, I won't!""",177500638,Historical Newspapers," Mrs L G
Mrs L G"," Copyright Tribune Publishing Company Feb 22, 1948"," 483473692 , 6120842 , 53854", article," Feb 22, 1948",, English, English, e3," Chicago, Ill.","Feb 22, 1948",Chicago Daily Tribune (1923-1963),1948,http://search.proquest.com/docview/177500638?accountid=14496, E3,http://ucelinks.cdlib.org:8888/sfx_local?url_ver=Z39.88-2004&amp;rft_val_fmt=info:ofi/fmt:kev:mtx:journal&amp;genre=article&amp;sid=ProQ:ProQ%3Ahnpchicagotribune&amp;atitle=Bright+Sayings+of+Children&amp;title=Chicago+Daily+Tribune+%281923-1963%29&amp;issn=&amp;date=1948-02-22&amp;volume=&amp;issue=&amp;spage=E3&amp;au=Mrs+L+G&amp;isbn=&amp;jtitle=Chicago+Daily+Tribune+%281923-1963%29&amp;btitle=&amp;rft_id=info:eric/&amp;rft_id=info:doi/,ProQuest Historical Newspapers: Chicago Tribune
"GAS FUMES KILL MAN, 74",,108100520,Historical Newspapers,," Copyright New York Times Company Dec 5, 1948"," 96440117 , 1551105 , 43896", article," Dec 5, 1948",0362-4331, English, English,," New York, N.Y.","Dec 5, 1948",New York Times (1923-Current file),1948,http://search.proquest.com/docview/108100520?accountid=14496, 7,http://ucelinks.cdlib.org:8888/sfx_local?url_ver=Z39.88-2004&amp;rft_val_fmt=info:ofi/fmt:kev:mtx:journal&amp;genre=article&amp;sid=ProQ:ProQ%3Ahnpnewyorktimeswindex&amp;atitle=GAS+FUMES+KILL+MAN%2C+74%3A+WIFE+ALSO+OVERCOME+IN+FLAT%2C+BUT+IS+REVIVED+BY+POLICE&amp;title=New+York+Times+%281923-Current+file%29&amp;issn=03624331&amp;date=1948-12-05&amp;volume=&amp;issue=&amp;spage=7&amp;au=&amp;isbn=&amp;jtitle=New+York+Times+%281923-Current+file%29&amp;btitle=&amp;rft_id=info:eric/&amp;rft_id=info:doi/,ProQuest Historical Newspapers: The New York Times with Index
Gadgets Do All Work for Housekeeper,,152133661,Historical Newspapers,," Copyright The Washington Post Company Feb 6, 1949"," 213401272 , 1932762 , 48614", real_estate_transaction," Feb 6, 1949",, English, English,," Washington, D.C.","Feb 6, 1949",The Washington Post (1923-1954),1949,http://search.proquest.com/docview/152133661?accountid=14496, R7,http://ucelinks.cdlib.org:8888/sfx_local?url_ver=Z39.88-2004&amp;rft_val_fmt=info:ofi/fmt:kev:mtx:journal&amp;genre=unknown&amp;sid=ProQ:ProQ%3Ahnpwashingtonpost&amp;atitle=Gadgets+Do+All+Work+for+Housekeeper&amp;title=The+Washington+Post+%281923-1954%29&amp;issn=&amp;date=1949-02-06&amp;volume=&amp;issue=&amp;spage=R7&amp;au=&amp;isbn=&amp;jtitle=The+Washington+Post+%281923-1954%29&amp;btitle=&amp;rft_id=info:eric/&amp;rft_id=info:doi/,ProQuest Historical Newspapers: The Washington Post
"Rockefellers Have Guest Problems, Too",,165977586,Historical Newspapers,," Copyright Times Mirror Company Sep 7, 1949"," 420459341 , 5757032 , 53850", article," Sep 7, 1949",0458-3035, English, English, 10," Los Angeles, Calif.","Sep 7, 1949",Los Angeles Times (1923-Current File),1949,http://search.proquest.com/docview/165977586?accountid=14496, 10,http://ucelinks.cdlib.org:8888/sfx_local?url_ver=Z39.88-2004&amp;rft_val_fmt=info:ofi/fmt:kev:mtx:journal&amp;genre=article&amp;sid=ProQ:ProQ%3Ahnplatimes&amp;atitle=Rockefellers+Have+Guest+Problems%2C+Too&amp;title=Los+Angeles+Times+%281923-Current+File%29&amp;issn=04583035&amp;date=1949-09-07&amp;volume=&amp;issue=&amp;spage=10&amp;au=&amp;isbn=&amp;jtitle=Los+Angeles+Times+%281923-Current+File%29&amp;btitle=&amp;rft_id=info:eric/&amp;rft_id=info:doi/,ProQuest Historical Newspapers: Los Angeles Times
JUNIOR BUSINESS GROUPS TO HAVE NEW QUARTERS,"West side young people who are members of Junior Achievement of Chicago, Inc., will have a new business center starting Oct. 10. Some 40 miniature companies will operate in the basement of Faith Presbyterian church, Augusta blvd. and Pine av.",177849027,Historical Newspapers,," Copyright Tribune Publishing Company Sep 25, 1949"," 494350372 , 6135862 , 53854", article," Sep 25, 1949",, English, English, w1," Chicago, Ill.","Sep 25, 1949",Chicago Daily Tribune (1923-1963),1949,http://search.proquest.com/docview/177849027?accountid=14496, W1,http://ucelinks.cdlib.org:8888/sfx_local?url_ver=Z39.88-2004&amp;rft_val_fmt=info:ofi/fmt:kev:mtx:journal&amp;genre=article&amp;sid=ProQ:ProQ%3Ahnpchicagotribune&amp;atitle=JUNIOR+BUSINESS+GROUPS+TO+HAVE+NEW+QUARTERS%3A+COMPANIES+WILL+START+ACTIVITIES+SOON&amp;title=Chicago+Daily+Tribune+%281923-1963%29&amp;issn=&amp;date=1949-09-25&amp;volume=&amp;issue=&amp;spage=W1&amp;au=&amp;isbn=&amp;jtitle=Chicago+Daily+Tribune+%281923-1963%29&amp;btitle=&amp;rft_id=info:eric/&amp;rft_id=info:doi/,ProQuest Historical Newspapers: Chicago Tribune
Barkleys Find a Shangri-La At Georgia Coastal Resort,"Sea Island, Ga., Nov. 21 (AP). -- Vice President and Mrs. Alben Barkley, the Nation's favorite honeymooners, arrived at their own Shangri-La tonight.",152156621,Historical Newspapers,," Copyright The Washington Post Company Nov 22, 1949"," 213758652 , 1933892 , 48614", article," Nov 22, 1949",, English, English, 23," Washington, D.C.","Nov 22, 1949",The Washington Post (1923-1954),1949,http://search.proquest.com/docview/152156621?accountid=14496, 23,http://ucelinks.cdlib.org:8888/sfx_local?url_ver=Z39.88-2004&amp;rft_val_fmt=info:ofi/fmt:kev:mtx:journal&amp;genre=article&amp;sid=ProQ:ProQ%3Ahnpwashingtonpost&amp;atitle=LAYMEN+MOVE+WEST%3B+CHURCH+RIGHT+BEHIND&amp;title=Chicago+Daily+Tribune+%281923-1963%29&amp;issn=&amp;date=1957-06-09&amp;volume=&amp;issue=&amp;spage=W13&amp;au=&amp;isbn=&amp;jtitle=Chicago+Daily+Tribune+%281923-1963%29&amp;btitle=&amp;rft_id=info:eric/&amp;rft_id=info:doi/,ProQuest Historical Newspapers: The Washington Post
Bishop Dun Will Aid in Dedication,"The Right Rev. Angus Dun, Bishop of Washington, will help dedicate Trinity Episcopal Church's $150,000 parish hall Sunday.",152289900,Historical Newspapers,," Copyright The Washington Post Company Sep 16, 1950"," 225890402 , 1978812 , 48614", article," Sep 16, 1950",, English, English,," Washington, D.C.","Sep 16, 1950",The Washington Post (1923-1954),1950,http://search.proquest.com/docview/152289900?accountid=14496, 10,http://ucelinks.cdlib.org:8888/sfx_local?url_ver=Z39.88-2004&amp;rft_val_fmt=info:ofi/fmt:kev:mtx:journal&amp;genre=article&amp;sid=ProQ:ProQ%3Ahnpwashingtonpost&amp;atitle=Bishop+Dun+Will+Aid+in+Dedication&amp;title=The+Washington+Post+%281923-1954%29&amp;issn=&amp;date=1950-09-16&amp;volume=&amp;issue=&amp;spage=10&amp;au=&amp;isbn=&amp;jtitle=The+Washington+Post+%281923-1954%29&amp;btitle=&amp;rft_id=info:eric/&amp;rft_id=info:doi/,ProQuest Historical Newspapers: The Washington Post
OWN APARTMENT FOR TEEN-AGER IS GOOD IDEA,,177961636,Historical Newspapers,," Copyright Tribune Publishing Company Sep 17, 1950"," 492566742 , 6133282 , 53854", article," Sep 17, 1950",, English, English, sw_c11," Chicago, Ill.","Sep 17, 1950",Chicago Daily Tribune (1923-1963),1950,http://search.proquest.com/docview/177961636?accountid=14496, SW_C11,http://ucelinks.cdlib.org:8888/sfx_local?url_ver=Z39.88-2004&amp;rft_val_fmt=info:ofi/fmt:kev:mtx:journal&amp;genre=article&amp;sid=ProQ:ProQ%3Ahnpchicagotribune&amp;atitle=OWN+APARTMENT+FOR+TEEN-AGER+IS+GOOD+IDEA&amp;title=Chicago+Daily+Tribune+%281923-1963%29&amp;issn=&amp;date=1950-09-17&amp;volume=&amp;issue=&amp;spage=SW_C11&amp;au=&amp;isbn=&amp;jtitle=Chicago+Daily+Tribune+%281923-1963%29&amp;btitle=&amp;rft_id=info:eric/&amp;rft_id=info:doi/,ProQuest Historical Newspapers: Chicago Tribune
Play Articles for Little Girl Asked by Sally,"Mrs. S. of the south side was deserted by her husband when the youngest of their five children was only an infant. Now the little girl is 6 years old, and like any active youngster, longs for playthings that will keep her happy during her long hours in the open, such...",178120645,Historical Newspapers," Brown, Sally Joy
Sally
Sally Joy Brown
Brown
Joy
SALLY JOY BROWN"," Copyright Tribune Publishing Company Apr 30, 1951"," 503857682 , 6154742 , 53854", article," Apr 30, 1951",, English, English, b6," Chicago, Ill.","Apr 30, 1951",Chicago Daily Tribune (1923-1963),1951,http://search.proquest.com/docview/178120645?accountid=14496, B6,http://ucelinks.cdlib.org:8888/sfx_local?url_ver=Z39.88-2004&amp;rft_val_fmt=info:ofi/fmt:kev:mtx:journal&amp;genre=article&amp;sid=ProQ:ProQ%3Ahnpchicagotribune&amp;atitle=Play+Articles+for+Little+Girl+Asked+by+Sally&amp;title=Chicago+Daily+Tribune+%281923-1963%29&amp;issn=&amp;date=1951-04-30&amp;volume=&amp;issue=&amp;spage=B6&amp;au=Brown%2C+Sally+Joy&amp;isbn=&amp;jtitle=Chicago+Daily+Tribune+%281923-1963%29&amp;btitle=&amp;rft_id=info:eric/&amp;rft_id=info:doi/,ProQuest Historical Newspapers: Chicago Tribune
"Seek Sewing Machine, Bike, and Furniture","Mrs. M. of the northwest side is the widowed mother of three daughters, an 8 year old and twins, 11, one of whom is a victim of cerebral palsy and attends one of the city's special schools. The mother tries to manage on a limited income, but clothing presents...",178192982,Historical Newspapers," Brown, Sally Joy
Sally
Sally Joy Brown
Brown
Joy
SALLY JOY BROWN"," Copyright Tribune Publishing Company Sep 10, 1951"," 497896252 , 6142952 , 53854", article," Sep 10, 1951",, English, English, b9," Chicago, Ill.","Sep 10, 1951",Chicago Daily Tribune (1923-1963),1951,http://search.proquest.com/docview/178192982?accountid=14496, B9,http://ucelinks.cdlib.org:8888/sfx_local?url_ver=Z39.88-2004&amp;rft_val_fmt=info:ofi/fmt:kev:mtx:journal&amp;genre=article&amp;sid=ProQ:ProQ%3Ahnpchicagotribune&amp;atitle=Seek+Sewing+Machine%2C+Bike%2C+and+Furniture&amp;title=Chicago+Daily+Tribune+%281923-1963%29&amp;issn=&amp;date=1956-08-19&amp;volume=&amp;issue=&amp;spage=NW_A7&amp;au=A+NEELY+HALL&amp;isbn=&amp;jtitle=Chicago+Daily+Tribune+%281923-1963%29&amp;btitle=&amp;rft_id=info:eric/&amp;rft_id=info:doi/,ProQuest Historical Newspapers: Chicago Tribune
Frieda Miller Asks For Equal Pay,"NEW YORK (UP). -- Frieda S. Miller, director of the Women's Bureau of the United States Department of Labor, has called for an end to the practice of paying women less than men for equal work.",152350759,Historical Newspapers,," Copyright The Washington Post Company Nov 22, 1951"," 228319842 , 1986072 , 48614", article," Nov 22, 1951",, English, English,," Washington, D.C.","Nov 22, 1951",The Washington Post (1923-1954),1951,http://search.proquest.com/docview/152350759?accountid=14496, B5,http://ucelinks.cdlib.org:8888/sfx_local?url_ver=Z39.88-2004&amp;rft_val_fmt=info:ofi/fmt:kev:mtx:journal&amp;genre=article&amp;sid=ProQ:ProQ%3Ahnpwashingtonpost&amp;atitle=Frieda+Miller+Asks+For+Equal+Pay&amp;title=The+Washington+Post+%281923-1954%29&amp;issn=&amp;date=1951-11-22&amp;volume=&amp;issue=&amp;spage=B5&amp;au=&amp;isbn=&amp;jtitle=The+Washington+Post+%281923-1954%29&amp;btitle=&amp;rft_id=info:eric/&amp;rft_id=info:doi/,ProQuest Historical Newspapers: The Washington Post
IGLEHART IS BUILDER,,112369512,Historical Newspapers,," Copyright New York Times Company Oct 12, 1952"," 84590718 , 1491446 , 43896", real_estate_transaction," Oct 12, 1952",0362-4331, English, English,," New York, N.Y.","Oct 12, 1952",New York Times (1923-Current file),1952,http://search.proquest.com/docview/112369512?accountid=14496, R10,http://ucelinks.cdlib.org:8888/sfx_local?url_ver=Z39.88-2004&amp;rft_val_fmt=info:ofi/fmt:kev:mtx:journal&amp;genre=unknown&amp;sid=ProQ:ProQ%3Ahnpnewyorktimeswindex&amp;atitle=IGLEHART+IS+BUILDER%3A+POLO+PLAYER+SPONSORS+APARTMENTS+AT+DELRAY+BEACH%2C+FLA%2C&amp;title=New+York+Times+%281923-Current+file%29&amp;issn=03624331&amp;date=1952-10-12&amp;volume=&amp;issue=&amp;spage=R10&amp;au=&amp;isbn=&amp;jtitle=New+York+Times+%281923-Current+file%29&amp;btitle=&amp;rft_id=info:eric/&amp;rft_id=info:doi/,ProQuest Historical Newspapers: The New York Times with Index
BARNARD RECEIVES GRANT,,112844714,Historical Newspapers,," Copyright New York Times Company Apr 10, 1953"," 83716473-1 , 1484961 , 43896", article," Apr 10, 1953",0362-4331, English, English,," New York, N.Y.","Apr 10, 1953",New York Times (1923-Current file),1953,http://search.proquest.com/docview/112844714?accountid=14496, 19,http://ucelinks.cdlib.org:8888/sfx_local?url_ver=Z39.88-2004&amp;rft_val_fmt=info:ofi/fmt:kev:mtx:journal&amp;genre=article&amp;sid=ProQ:ProQ%3Ahnpnewyorktimeswindex&amp;atitle=BARNARD+RECEIVES+GRANT%3A+%2445%2C000+TO+BE+USED+FOR+BUILDING+STUDENT+SOCIAL+CENTER&amp;title=New+York+Times+%281923-Current+file%29&amp;issn=03624331&amp;date=1953-04-10&amp;volume=&amp;issue=&amp;spage=19&amp;au=&amp;isbn=&amp;jtitle=New+York+Times+%281923-Current+file%29&amp;btitle=&amp;rft_id=info:eric/&amp;rft_id=info:doi/,ProQuest Historical Newspapers: The New York Times with Index
SAVINGS FIRM IN DES PLAINES TO OPEN OFFICE,,178544112,Historical Newspapers,," Copyright Tribune Publishing Company Jul 2, 1953"," 504950142 , 6156692 , 53854", article," Jul 2, 1953",, English, English, w4," Chicago, Ill.","Jul 2, 1953",Chicago Daily Tribune (1923-1963),1953,http://search.proquest.com/docview/178544112?accountid=14496, W4,http://ucelinks.cdlib.org:8888/sfx_local?url_ver=Z39.88-2004&amp;rft_val_fmt=info:ofi/fmt:kev:mtx:journal&amp;genre=article&amp;sid=ProQ:ProQ%3Ahnpchicagotribune&amp;atitle=SAVINGS+FIRM+IN+DES+PLAINES+TO+OPEN+OFFICE%3A+MOVE+BUSINESS+TODAY+IN+NEW+BUILDING&amp;title=Chicago+Daily+Tribune+%281923-1963%29&amp;issn=&amp;date=1958-12-20&amp;volume=&amp;issue=&amp;spage=10&amp;au=Hughes%2C+Langston&amp;isbn=&amp;jtitle=The+Chicago+Defender+%28National+edition%29+%281921-1967%29&amp;btitle=&amp;rft_id=info:eric/&amp;rft_id=info:doi/,ProQuest Historical Newspapers: Chicago Tribune
Hot Biscuits and Red Raspberry Jam!,,178501072,Historical Newspapers," Meade, Mary
Mary
Mary Meade
Meade
MARY MEADE"," Copyright Tribune Publishing Company Jul 26, 1953"," 505074082 , 6156932 , 53854", article," Jul 26, 1953",, English, English, g18," Chicago, Ill.","Jul 26, 1953",Chicago Daily Tribune (1923-1963),1953,http://search.proquest.com/docview/178501072?accountid=14496, G18,http://ucelinks.cdlib.org:8888/sfx_local?url_ver=Z39.88-2004&amp;rft_val_fmt=info:ofi/fmt:kev:mtx:journal&amp;genre=article&amp;sid=ProQ:ProQ%3Ahnpchicagotribune&amp;atitle=Hot+Biscuits+and+Red+Raspberry+Jam%21&amp;title=Chicago+Daily+Tribune+%281923-1963%29&amp;issn=&amp;date=1953-07-26&amp;volume=&amp;issue=&amp;spage=G18&amp;au=Meade%2C+Mary&amp;isbn=&amp;jtitle=Chicago+Daily+Tribune+%281923-1963%29&amp;btitle=&amp;rft_id=info:eric/&amp;rft_id=info:doi/,ProQuest Historical Newspapers: Chicago Tribune
Clerk Held in Roommate's Death,,112649248,Historical Newspapers,," Copyright New York Times Company Aug 11, 1953"," 83819304-1 , 1485828 , 43896", article," Aug 11, 1953",0362-4331, English, English,," New York, N.Y.","Aug 11, 1953",New York Times (1923-Current file),1953,http://search.proquest.com/docview/112649248?accountid=14496, 13,http://ucelinks.cdlib.org:8888/sfx_local?url_ver=Z39.88-2004&amp;rft_val_fmt=info:ofi/fmt:kev:mtx:journal&amp;genre=article&amp;sid=ProQ:ProQ%3Ahnpnewyorktimeswindex&amp;atitle=Clerk+Held+in+Roommate%27s+Death&amp;title=New+York+Times+%281923-Current+file%29&amp;issn=03624331&amp;date=1953-08-11&amp;volume=&amp;issue=&amp;spage=13&amp;au=&amp;isbn=&amp;jtitle=New+York+Times+%281923-Current+file%29&amp;btitle=&amp;rft_id=info:eric/&amp;rft_id=info:doi/,ProQuest Historical Newspapers: The New York Times with Index
Move to Halt Slum Growth In New York,,492892477,Historical Newspapers,," Copyright Real Times, Inc. Nov 28, 1953"," 727308162 , 7143702 , 68419", article," Nov 28, 1953",, English, English, 4," Chicago, Ill.","Nov 28, 1953",The Chicago Defender (National edition) (1921-1967),1953,http://search.proquest.com/docview/492892477?accountid=14496, 4,http://ucelinks.cdlib.org:8888/sfx_local?url_ver=Z39.88-2004&amp;rft_val_fmt=info:ofi/fmt:kev:mtx:journal&amp;genre=article&amp;sid=ProQ:ProQ%3Ahnpchicagodefender&amp;atitle=Move+to+Halt+Slum+Growth+In+New+York&amp;title=The+Chicago+Defender+%28National+edition%29+%281921-1967%29&amp;issn=&amp;date=1953-11-28&amp;volume=&amp;issue=&amp;spage=4&amp;au=&amp;isbn=&amp;jtitle=The+Chicago+Defender+%28National+edition%29+%281921-1967%29&amp;btitle=&amp;rft_id=info:eric/&amp;rft_id=info:doi/,ProQuest Historical Newspapers: Chicago Defender
BARNARD CENTER OPENS,"The James Room, the first student social center at Barnard College, was officially opened yesterday when Mrs. Gavin MacBain, chairman of the college's development committee, presented a key to the room to Miss Sue Nagelberg, president of the Undergraduate Association. A reception followed.",113170227,Historical Newspapers,," Copyright New York Times Company Jan 7, 1954"," 83314566-1 , 1482469 , 43896", article," Jan 7, 1954",0362-4331, English, English, 25," New York, N.Y.","Jan 7, 1954",New York Times (1923-Current file),1954,http://search.proquest.com/docview/113170227?accountid=14496, 25,http://ucelinks.cdlib.org:8888/sfx_local?url_ver=Z39.88-2004&amp;rft_val_fmt=info:ofi/fmt:kev:mtx:journal&amp;genre=article&amp;sid=ProQ:ProQ%3Ahnpnewyorktimeswindex&amp;atitle=BARNARD+CENTER+OPENS%3A+SOCIAL+ROOM+FOR+STUDENTS+IS+FIRST+IN+COLLEGE%27S+HISTORY&amp;title=New+York+Times+%281923-Current+file%29&amp;issn=03624331&amp;date=1954-01-07&amp;volume=&amp;issue=&amp;spage=25&amp;au=&amp;isbn=&amp;jtitle=New+York+Times+%281923-Current+file%29&amp;btitle=&amp;rft_id=info:eric/&amp;rft_id=info:doi/,ProQuest Historical Newspapers: The New York Times with Index
Jamaica Hotel Adds Suites,"THE MONTEGO Beach Hotel, Montego Bay, Jamaica, B.W.I., is adding to its guest accommodations 16 new suites, each consisting of two bed- rooms, bath, and large living room.",152641157,Historical Newspapers,," Copyright The Washington Post Company Jan 17, 1954"," 287983802 , 2236852 , 48614", article," Jan 17, 1954",, English, English,," Washington, D.C.","Jan 17, 1954",The Washington Post (1923-1954),1954,http://search.proquest.com/docview/152641157?accountid=14496, F5,http://ucelinks.cdlib.org:8888/sfx_local?url_ver=Z39.88-2004&amp;rft_val_fmt=info:ofi/fmt:kev:mtx:journal&amp;genre=article&amp;sid=ProQ:ProQ%3Ahnpwashingtonpost&amp;atitle=Jamaica+Hotel+Adds+Suites&amp;title=The+Washington+Post+%281923-1954%29&amp;issn=&amp;date=1954-01-17&amp;volume=&amp;issue=&amp;spage=F5&amp;au=&amp;isbn=&amp;jtitle=The+Washington+Post+%281923-1954%29&amp;btitle=&amp;rft_id=info:eric/&amp;rft_id=info:doi/,ProQuest Historical Newspapers: The Washington Post
Apartments for Single Persons,,113101685,Historical Newspapers," Farrell, Catherine
Catherine
Catherine Farrell
Farrell
CATHERINE FARRELL"," Copyright New York Times Company Apr 22, 1954"," 83751894-1 , 1485125 , 43896", letter_to_editor," Apr 22, 1954",0362-4331, English, English,," New York, N.Y.","Apr 22, 1954",New York Times (1923-Current file),1954,http://search.proquest.com/docview/113101685?accountid=14496, 28,http://ucelinks.cdlib.org:8888/sfx_local?url_ver=Z39.88-2004&amp;rft_val_fmt=info:ofi/fmt:kev:mtx:journal&amp;genre=unknown&amp;sid=ProQ:ProQ%3Ahnpnewyorktimeswindex&amp;atitle=Apartments+for+Single+Persons&amp;title=New+York+Times+%281923-Current+file%29&amp;issn=03624331&amp;date=1954-04-22&amp;volume=&amp;issue=&amp;spage=28&amp;au=Farrell%2C+Catherine&amp;isbn=&amp;jtitle=New+York+Times+%281923-Current+file%29&amp;btitle=&amp;rft_id=info:eric/&amp;rft_id=info:doi/,ProQuest Historical Newspapers: The New York Times with Index
Found Dead of Gas Poisoning,,112900908,Historical Newspapers,," Copyright New York Times Company Jun 17, 1954"," 92828841-1 , 1535287 , 43896", article," Jun 17, 1954",0362-4331, English, English,," New York, N.Y.","Jun 17, 1954",New York Times (1923-Current file),1954,http://search.proquest.com/docview/112900908?accountid=14496, 25,http://ucelinks.cdlib.org:8888/sfx_local?url_ver=Z39.88-2004&amp;rft_val_fmt=info:ofi/fmt:kev:mtx:journal&amp;genre=article&amp;sid=ProQ:ProQ%3Ahnpnewyorktimeswindex&amp;atitle=Found+Dead+of+Gas+Poisoning&amp;title=New+York+Times+%281923-Current+file%29&amp;issn=03624331&amp;date=1954-06-17&amp;volume=&amp;issue=&amp;spage=25&amp;au=&amp;isbn=&amp;jtitle=New+York+Times+%281923-Current+file%29&amp;btitle=&amp;rft_id=info:eric/&amp;rft_id=info:doi/,ProQuest Historical Newspapers: The New York Times with Index
DEDICATE NEW BETHANY HOME WING TODAY,"Methodist Bishop Charles W. Brashares will officiate today at the dedication of the $1,000,000 addition to Bethany home and hospital.",178734898,Historical Newspapers,," Copyright Tribune Publishing Company Oct 31, 1954"," 515493462 , 6262002 , 53854", article," Oct 31, 1954",, English, English, nw8," Chicago, Ill.","Oct 31, 1954",Chicago Daily Tribune (1923-1963),1954,http://search.proquest.com/docview/178734898?accountid=14496, NW8,http://ucelinks.cdlib.org:8888/sfx_local?url_ver=Z39.88-2004&amp;rft_val_fmt=info:ofi/fmt:kev:mtx:journal&amp;genre=article&amp;sid=ProQ:ProQ%3Ahnpchicagotribune&amp;atitle=DEDICATE+NEW+BETHANY+HOME+WING+TODAY&amp;title=Chicago+Daily+Tribune+%281923-1963%29&amp;issn=&amp;date=1954-10-31&amp;volume=&amp;issue=&amp;spage=NW8&amp;au=&amp;isbn=&amp;jtitle=Chicago+Daily+Tribune+%281923-1963%29&amp;btitle=&amp;rft_id=info:eric/&amp;rft_id=info:doi/,ProQuest Historical Newspapers: Chicago Tribune
Stove Sought by Mother to Help Income,"Mrs. M., of the north side, has been advised by her physician to stop work because of a weakened condition; but she hopes to keep herself and two daughters by orders for bakery goods. However, her stove is hazardous, it has bad...",178809679,Historical Newspapers," Brown, Sally Joy
Sally
Sally Joy Brown
Brown
Joy
SALLY JOY BROWN"," Copyright Tribune Publishing Company Jan 7, 1955"," 507575862 , 6180112 , 53854", article," Jan 7, 1955",, English, English, a6," Chicago, Ill.","Jan 7, 1955",Chicago Daily Tribune (1923-1963),1955,http://search.proquest.com/docview/178809679?accountid=14496, A6,http://ucelinks.cdlib.org:8888/sfx_local?url_ver=Z39.88-2004&amp;rft_val_fmt=info:ofi/fmt:kev:mtx:journal&amp;genre=article&amp;sid=ProQ:ProQ%3Ahnpchicagotribune&amp;atitle=Stove+Sought+by+Mother+to+Help+Income&amp;title=Chicago+Daily+Tribune+%281923-1963%29&amp;issn=&amp;date=1955-01-07&amp;volume=&amp;issue=&amp;spage=A6&amp;au=Brown%2C+Sally+Joy&amp;isbn=&amp;jtitle=Chicago+Daily+Tribune+%281923-1963%29&amp;btitle=&amp;rft_id=info:eric/&amp;rft_id=info:doi/,ProQuest Historical Newspapers: Chicago Tribune
WESTHAMPTON CLUB GETS NEW ADDITIONS,,113334818,Historical Newspapers,," Copyright New York Times Company Apr 3, 1955"," 88794422 , 1515995 , 43896", article," Apr 3, 1955",0362-4331, English, English,," New York, N.Y.","Apr 3, 1955",New York Times (1923-Current file),1955,http://search.proquest.com/docview/113334818?accountid=14496, R7,http://ucelinks.cdlib.org:8888/sfx_local?url_ver=Z39.88-2004&amp;rft_val_fmt=info:ofi/fmt:kev:mtx:journal&amp;genre=article&amp;sid=ProQ:ProQ%3Ahnpnewyorktimeswindex&amp;atitle=WESTHAMPTON+CLUB+GETS+NEW+ADDITIONS&amp;title=New+York+Times+%281923-Current+file%29&amp;issn=03624331&amp;date=1955-04-03&amp;volume=&amp;issue=&amp;spage=R7&amp;au=&amp;isbn=&amp;jtitle=New+York+Times+%281923-Current+file%29&amp;btitle=&amp;rft_id=info:eric/&amp;rft_id=info:doi/,ProQuest Historical Newspapers: The New York Times with Index
Do it yourself--,,179556494,Historical Newspapers," A NEELY HALL
A NEELY HALL"," Copyright Tribune Publishing Company Aug 7, 1955"," 508886722 , 6194562 , 53854", article," Aug 7, 1955",, English, English, nE," Chicago, Ill.","Aug 7, 1955",Chicago Daily Tribune (1923-1963),1955,http://search.proquest.com/docview/179556494?accountid=14496, NE,http://ucelinks.cdlib.org:8888/sfx_local?url_ver=Z39.88-2004&amp;rft_val_fmt=info:ofi/fmt:kev:mtx:journal&amp;genre=article&amp;sid=ProQ:ProQ%3Ahnpchicagotribune&amp;atitle=Do+it+yourself--%3A+WITH+CRAFT+PATTERNS+Get+Set+for+Hunting+WALL+GUN+RACK&amp;title=Chicago+Daily+Tribune+%281923-1963%29&amp;issn=&amp;date=1955-08-07&amp;volume=&amp;issue=&amp;spage=NE&amp;au=A+NEELY+HALL&amp;isbn=&amp;jtitle=Chicago+Daily+Tribune+%281923-1963%29&amp;btitle=&amp;rft_id=info:eric/&amp;rft_id=info:doi/,ProQuest Historical Newspapers: Chicago Tribune
Do it Yourself--,,179563461,Historical Newspapers," A NEELY HALL
A NEELY HALL"," Copyright Tribune Publishing Company Aug 7, 1955"," 508885662 , 6194562 , 53854", article," Aug 7, 1955",, English, English, sE," Chicago, Ill.","Aug 7, 1955",Chicago Daily Tribune (1923-1963),1955,http://search.proquest.com/docview/179563461?accountid=14496, SE,http://ucelinks.cdlib.org:8888/sfx_local?url_ver=Z39.88-2004&amp;rft_val_fmt=info:ofi/fmt:kev:mtx:journal&amp;genre=article&amp;sid=ProQ:ProQ%3Ahnpchicagotribune&amp;atitle=Do+it+Yourself--%3A+WITH+CRAFT+PATTERNS+Get+Set+for+Hunting&amp;title=Chicago+Daily+Tribune+%281923-1963%29&amp;issn=&amp;date=1955-08-07&amp;volume=&amp;issue=&amp;spage=SE&amp;au=A+NEELY+HALL&amp;isbn=&amp;jtitle=Chicago+Daily+Tribune+%281923-1963%29&amp;btitle=&amp;rft_id=info:eric/&amp;rft_id=info:doi/,ProQuest Historical Newspapers: Chicago Tribune
Do it Yourself--,"You will be as proud of this rack as you are of your guns. Since there is no planning to do, you can build it quickly with Pattern 654, which shows parts in full size to trace with carbon paper onto pine, birch, or maple then install a chain...",179563625,Historical Newspapers," A NEELY HALL
A NEELY HALL"," Copyright Tribune Publishing Company Aug 7, 1955"," 508882222 , 6194562 , 53854", article," Aug 7, 1955",, English, English, swE," Chicago, Ill.","Aug 7, 1955",Chicago Daily Tribune (1923-1963),1955,http://search.proquest.com/docview/179563625?accountid=14496, SWE,http://ucelinks.cdlib.org:8888/sfx_local?url_ver=Z39.88-2004&amp;rft_val_fmt=info:ofi/fmt:kev:mtx:journal&amp;genre=article&amp;sid=ProQ:ProQ%3Ahnpchicagotribune&amp;atitle=Do+it+Yourself--%3A+WITH+CRAFT+PATTERNS+get+Set+for+Hunting+WALL+GUN+RACK&amp;title=Chicago+Daily+Tribune+%281923-1963%29&amp;issn=&amp;date=1955-08-07&amp;volume=&amp;issue=&amp;spage=SWE&amp;au=A+NEELY+HALL&amp;isbn=&amp;jtitle=Chicago+Daily+Tribune+%281923-1963%29&amp;btitle=&amp;rft_id=info:eric/&amp;rft_id=info:doi/,ProQuest Historical Newspapers: Chicago Tribune
New Church Already Outgrown,"Motorists who travel on Peterson av. must all note the trim but unpretentious Northwest Baptist church as they cross Francisco av. The church lawn is neatly landscaped and attractive shrubs hug close to the $250,000 brick and stone...",179590425,Historical Newspapers,," Copyright Tribune Publishing Company Sep 3, 1955"," 506552172 , 6159952 , 53854", article," Sep 3, 1955",, English, English, 12," Chicago, Ill.","Sep 3, 1955",Chicago Daily Tribune (1923-1963),1955,http://search.proquest.com/docview/179590425?accountid=14496, 12,http://ucelinks.cdlib.org:8888/sfx_local?url_ver=Z39.88-2004&amp;rft_val_fmt=info:ofi/fmt:kev:mtx:journal&amp;genre=article&amp;sid=ProQ:ProQ%3Ahnpchicagotribune&amp;atitle=New+Church+Already+Outgrown&amp;title=Chicago+Daily+Tribune+%281923-1963%29&amp;issn=&amp;date=1955-09-03&amp;volume=&amp;issue=&amp;spage=12&amp;au=&amp;isbn=&amp;jtitle=Chicago+Daily+Tribune+%281923-1963%29&amp;btitle=&amp;rft_id=info:eric/&amp;rft_id=info:doi/,ProQuest Historical Newspapers: Chicago Tribune
Family Needs Furniture,"When fire swept the B. home everything was lost and the mother suffered severe burns. Having no close ties here, the four children, ranging in age from 2 to 9 years, were taken to the country, where tempurary care was arranged for...",179557473,Historical Newspapers," Brown, Sally Joy
Sally
Sally Joy Brown
Brown
Joy
SALLY JOY BROWN"," Copyright Tribune Publishing Company Sep 26, 1955"," 506678112 , 6160192 , 53854", article," Sep 26, 1955",, English, English, b6," Chicago, Ill.","Sep 26, 1955",Chicago Daily Tribune (1923-1963),1955,http://search.proquest.com/docview/179557473?accountid=14496, B6,http://ucelinks.cdlib.org:8888/sfx_local?url_ver=Z39.88-2004&amp;rft_val_fmt=info:ofi/fmt:kev:mtx:journal&amp;genre=article&amp;sid=ProQ:ProQ%3Ahnpchicagotribune&amp;atitle=Family+Needs+Furniture&amp;title=Chicago+Daily+Tribune+%281923-1963%29&amp;issn=&amp;date=1955-09-26&amp;volume=&amp;issue=&amp;spage=B6&amp;au=Brown%2C+Sally+Joy&amp;isbn=&amp;jtitle=Chicago+Daily+Tribune+%281923-1963%29&amp;btitle=&amp;rft_id=info:eric/&amp;rft_id=info:doi/,ProQuest Historical Newspapers: Chicago Tribune
Do it yourself,,179851459,Historical Newspapers," A NEELY HALL
A NEELY HALL"," Copyright Tribune Publishing Company Aug 19, 1956"," 509661352 , 6203952 , 53854", article," Aug 19, 1956",, English, English, n_a7," Chicago, Ill.","Aug 19, 1956",Chicago Daily Tribune (1923-1963),1956,http://search.proquest.com/docview/179851459?accountid=14496, N_A7,http://ucelinks.cdlib.org:8888/sfx_local?url_ver=Z39.88-2004&amp;rft_val_fmt=info:ofi/fmt:kev:mtx:journal&amp;genre=article&amp;sid=ProQ:ProQ%3Ahnpchicagotribune&amp;atitle=Do+it+yourself%3A+WITH+CRAFT+PATTERNS&amp;title=Chicago+Daily+Tribune+%281923-1963%29&amp;issn=&amp;date=1956-08-19&amp;volume=&amp;issue=&amp;spage=N_A7&amp;au=A+NEELY+HALL&amp;isbn=&amp;jtitle=Chicago+Daily+Tribune+%281923-1963%29&amp;btitle=&amp;rft_id=info:eric/&amp;rft_id=info:doi/,ProQuest Historical Newspapers: Chicago Tribune
Do it yourself,,179863175,Historical Newspapers," A NEELY HALL
A NEELY HALL"," Copyright Tribune Publishing Company Aug 19, 1956"," 509662432 , 6203952 , 53854", article," Aug 19, 1956",, English, English, s_a7," Chicago, Ill.","Aug 19, 1956",Chicago Daily Tribune (1923-1963),1956,http://search.proquest.com/docview/179863175?accountid=14496, S_A7,http://ucelinks.cdlib.org:8888/sfx_local?url_ver=Z39.88-2004&amp;rft_val_fmt=info:ofi/fmt:kev:mtx:journal&amp;genre=article&amp;sid=ProQ:ProQ%3Ahnpchicagotribune&amp;atitle=Do+it+yourself%3A+WITH+CRAFT+PATTERNS&amp;title=Chicago+Daily+Tribune+%281923-1963%29&amp;issn=&amp;date=1956-08-19&amp;volume=&amp;issue=&amp;spage=S_A7&amp;au=A+NEELY+HALL&amp;isbn=&amp;jtitle=Chicago+Daily+Tribune+%281923-1963%29&amp;btitle=&amp;rft_id=info:eric/&amp;rft_id=info:doi/,ProQuest Historical Newspapers: Chicago Tribune
Do it yourself,,179866390,Historical Newspapers," A NEELY HALL
A NEELY HALL"," Copyright Tribune Publishing Company Aug 19, 1956"," 509663522 , 6203952 , 53854", article," Aug 19, 1956",, English, English, w_a7," Chicago, Ill.","Aug 19, 1956",Chicago Daily Tribune (1923-1963),1956,http://search.proquest.com/docview/179866390?accountid=14496, W_A7,http://ucelinks.cdlib.org:8888/sfx_local?url_ver=Z39.88-2004&amp;rft_val_fmt=info:ofi/fmt:kev:mtx:journal&amp;genre=article&amp;sid=ProQ:ProQ%3Ahnpchicagotribune&amp;atitle=Do+it+yourself%3A+WITH+CRAFT+PATTERNS&amp;title=Chicago+Daily+Tribune+%281923-1963%29&amp;issn=&amp;date=1956-08-19&amp;volume=&amp;issue=&amp;spage=W_A7&amp;au=A+NEELY+HALL&amp;isbn=&amp;jtitle=Chicago+Daily+Tribune+%281923-1963%29&amp;btitle=&amp;rft_id=info:eric/&amp;rft_id=info:doi/,ProQuest Historical Newspapers: Chicago Tribune
Do it yourself,,179868566,Historical Newspapers," A NEELY HALL
A NEELY HALL"," Copyright Tribune Publishing Company Aug 19, 1956"," 509666342 , 6203952 , 53854", article," Aug 19, 1956",, English, English, sw_a7," Chicago, Ill.","Aug 19, 1956",Chicago Daily Tribune (1923-1963),1956,http://search.proquest.com/docview/179868566?accountid=14496, SW_A7,http://ucelinks.cdlib.org:8888/sfx_local?url_ver=Z39.88-2004&amp;rft_val_fmt=info:ofi/fmt:kev:mtx:journal&amp;genre=article&amp;sid=ProQ:ProQ%3Ahnpchicagotribune&amp;atitle=Do+it+yourself%3A+WITH+CRAFT+PATTERNS&amp;title=Chicago+Daily+Tribune+%281923-1963%29&amp;issn=&amp;date=1956-08-19&amp;volume=&amp;issue=&amp;spage=SW_A7&amp;au=A+NEELY+HALL&amp;isbn=&amp;jtitle=Chicago+Daily+Tribune+%281923-1963%29&amp;btitle=&amp;rft_id=info:eric/&amp;rft_id=info:doi/,ProQuest Historical Newspapers: Chicago Tribune
Do it yourself,,179870338,Historical Newspapers," A NEELY HALL
A NEELY HALL"," Copyright Tribune Publishing Company Aug 19, 1956"," 509664812 , 6203952 , 53854", article," Aug 19, 1956",, English, English, nw_a7," Chicago, Ill.","Aug 19, 1956",Chicago Daily Tribune (1923-1963),1956,http://search.proquest.com/docview/179870338?accountid=14496, NW_A7,http://ucelinks.cdlib.org:8888/sfx_local?url_ver=Z39.88-2004&amp;rft_val_fmt=info:ofi/fmt:kev:mtx:journal&amp;genre=article&amp;sid=ProQ:ProQ%3Ahnpchicagotribune&amp;atitle=Do+it+yourself%3A+WITH+CRAFT+PATTERNS&amp;title=Chicago+Daily+Tribune+%281923-1963%29&amp;issn=&amp;date=1956-08-19&amp;volume=&amp;issue=&amp;spage=NW_A7&amp;au=A+NEELY+HALL&amp;isbn=&amp;jtitle=Chicago+Daily+Tribune+%281923-1963%29&amp;btitle=&amp;rft_id=info:eric/&amp;rft_id=info:doi/,ProQuest Historical Newspapers: Chicago Tribune
PLAN ADDITION TO 6 YEAR OLD CHURCH EDIFICE,"Growing membership figures for Western Springs' First Methodist church has led to plans for a $235,000 addition to its present church, 43d and Howard sts., which was constructed only six years ago.",179918478,Historical Newspapers,," Copyright Tribune Publishing Company Oct 7, 1956"," 516896802 , 6266612 , 53854", article," Oct 7, 1956",, English, English, w4," Chicago, Ill.","Oct 7, 1956",Chicago Daily Tribune (1923-1963),1956,http://search.proquest.com/docview/179918478?accountid=14496, W4,http://ucelinks.cdlib.org:8888/sfx_local?url_ver=Z39.88-2004&amp;rft_val_fmt=info:ofi/fmt:kev:mtx:journal&amp;genre=article&amp;sid=ProQ:ProQ%3Ahnpchicagotribune&amp;atitle=PLAN+ADDITION+TO+6+YEAR+OLD+CHURCH+EDIFICE%3A+MEMBERSHIP+JUMPS%3B+NEED+ANNEX&amp;title=Chicago+Daily+Tribune+%281923-1963%29&amp;issn=&amp;date=1956-10-07&amp;volume=&amp;issue=&amp;spage=W4&amp;au=&amp;isbn=&amp;jtitle=Chicago+Daily+Tribune+%281923-1963%29&amp;btitle=&amp;rft_id=info:eric/&amp;rft_id=info:doi/,ProQuest Historical Newspapers: Chicago Tribune
Do it Yourself--WITH CRAFT PATTERNS,,180170808,Historical Newspapers," A NEELY HALL
A NEELY HALL"," Copyright Tribune Publishing Company Jun 9, 1957"," 518591752 , 6269672 , 53854", article," Jun 9, 1957",, English, English, n_a2," Chicago, Ill.","Jun 9, 1957",Chicago Daily Tribune (1923-1963),1957,http://search.proquest.com/docview/180170808?accountid=14496, N_A2,http://ucelinks.cdlib.org:8888/sfx_local?url_ver=Z39.88-2004&amp;rft_val_fmt=info:ofi/fmt:kev:mtx:journal&amp;genre=article&amp;sid=ProQ:ProQ%3Ahnpchicagotribune&amp;atitle=Do+it+Yourself--WITH+CRAFT+PATTERNS%3A+All+Outdoors+is+Calling+You&amp;title=Chicago+Daily+Tribune+%281923-1963%29&amp;issn=&amp;date=1957-06-09&amp;volume=&amp;issue=&amp;spage=N_A2&amp;au=A+NEELY+HALL&amp;isbn=&amp;jtitle=Chicago+Daily+Tribune+%281923-1963%29&amp;btitle=&amp;rft_id=info:eric/&amp;rft_id=info:doi/,ProQuest Historical Newspapers: Chicago Tribune
Do it Yourself--WITH CRAFT PATTERNS,,180172312,Historical Newspapers," A NEELY HALL
A NEELY HALL"," Copyright Tribune Publishing Company Jun 9, 1957"," 518592872 , 6269672 , 53854", article," Jun 9, 1957",, English, English, s_a2," Chicago, Ill.","Jun 9, 1957",Chicago Daily Tribune (1923-1963),1957,http://search.proquest.com/docview/180172312?accountid=14496, S_A2,http://ucelinks.cdlib.org:8888/sfx_local?url_ver=Z39.88-2004&amp;rft_val_fmt=info:ofi/fmt:kev:mtx:journal&amp;genre=article&amp;sid=ProQ:ProQ%3Ahnpchicagotribune&amp;atitle=Do+it+Yourself--WITH+CRAFT+PATTERNS%3A+All+Outdoors+is+Calling+You&amp;title=Chicago+Daily+Tribune+%281923-1963%29&amp;issn=&amp;date=1957-06-09&amp;volume=&amp;issue=&amp;spage=S_A2&amp;au=A+NEELY+HALL&amp;isbn=&amp;jtitle=Chicago+Daily+Tribune+%281923-1963%29&amp;btitle=&amp;rft_id=info:eric/&amp;rft_id=info:doi/,ProQuest Historical Newspapers: Chicago Tribune
LAYMEN MOVE WEST; CHURCH RIGHT BEHIND,"When one Chicago church's congregation moved west, the church moved west too.",180172416,Historical Newspapers,," Copyright Tribune Publishing Company Jun 9, 1957"," 518593802 , 6269672 , 53854", article," Jun 9, 1957",, English, English, w13," Chicago, Ill.","Jun 9, 1957",Chicago Daily Tribune (1923-1963),1957,http://search.proquest.com/docview/180172416?accountid=14496, W13,http://ucelinks.cdlib.org:8888/sfx_local?url_ver=Z39.88-2004&amp;rft_val_fmt=info:ofi/fmt:kev:mtx:journal&amp;genre=article&amp;sid=ProQ:ProQ%3Ahnpchicagotribune&amp;atitle=LAYMEN+MOVE+WEST%3B+CHURCH+RIGHT+BEHIND&amp;title=Chicago+Daily+Tribune+%281923-1963%29&amp;issn=&amp;date=1957-06-09&amp;volume=&amp;issue=&amp;spage=W13&amp;au=&amp;isbn=&amp;jtitle=Chicago+Daily+Tribune+%281923-1963%29&amp;btitle=&amp;rft_id=info:eric/&amp;rft_id=info:doi/,ProQuest Historical Newspapers: Chicago Tribune
Do it Yourself--,,180180080,Historical Newspapers," A NEELY HALL
A NEELY HALL"," Copyright Tribune Publishing Company Jun 9, 1957"," 518596982 , 6269672 , 53854", article," Jun 9, 1957",, English, English, sw_b2a," Chicago, Ill.","Jun 9, 1957",Chicago Daily Tribune (1923-1963),1957,http://search.proquest.com/docview/180180080?accountid=14496, SW_B2A,http://ucelinks.cdlib.org:8888/sfx_local?url_ver=Z39.88-2004&amp;rft_val_fmt=info:ofi/fmt:kev:mtx:journal&amp;genre=article&amp;sid=ProQ:ProQ%3Ahnpchicagotribune&amp;atitle=Do+it+Yourself--%3A+WITH+CRAFT+PATTERNS+All+Outdoors+is+Calling+You&amp;title=Chicago+Daily+Tribune+%281923-1963%29&amp;issn=&amp;date=1957-06-09&amp;volume=&amp;issue=&amp;spage=SW_B2A&amp;au=A+NEELY+HALL&amp;isbn=&amp;jtitle=Chicago+Daily+Tribune+%281923-1963%29&amp;btitle=&amp;rft_id=info:eric/&amp;rft_id=info:doi/,ProQuest Historical Newspapers: Chicago Tribune
Do it Yourself--WITH CRAFT PATTERNS,,180213468,Historical Newspapers," A NEELY HALL
A NEELY HALL"," Copyright Tribune Publishing Company Jun 9, 1957"," 518595662 , 6269672 , 53854", article," Jun 9, 1957",, English, English, nw_a2," Chicago, Ill.","Jun 9, 1957",Chicago Daily Tribune (1923-1963),1957,http://search.proquest.com/docview/180213468?accountid=14496, NW_A2,http://ucelinks.cdlib.org:8888/sfx_local?url_ver=Z39.88-2004&amp;rft_val_fmt=info:ofi/fmt:kev:mtx:journal&amp;genre=article&amp;sid=ProQ:ProQ%3Ahnpchicagotribune&amp;atitle=Do+it+Yourself--WITH+CRAFT+PATTERNS%3A+All+Outdoors+is+Calling+You&amp;title=Chicago+Daily+Tribune+%281923-1963%29&amp;issn=&amp;date=1957-06-09&amp;volume=&amp;issue=&amp;spage=NW_A2&amp;au=A+NEELY+HALL&amp;isbn=&amp;jtitle=Chicago+Daily+Tribune+%281923-1963%29&amp;btitle=&amp;rft_id=info:eric/&amp;rft_id=info:doi/,ProQuest Historical Newspapers: Chicago Tribune
LOOP TO HAVE 1ST NEW HOTEL IN 2 1/2 DECADES,"Morris R. DeWoskin, Chicago operator and president of Condado Caribbean Hotels, Inc., announced yesterday he has negotiated a 40 year lease for the 40 story building under construction at 63 E. Wacker dr.",180213904,Historical Newspapers,," Copyright Tribune Publishing Company Sep 27, 1957"," 565652272 , 6575132 , 53854", article," Sep 27, 1957",, English, English, c9," Chicago, Ill.","Sep 27, 1957",Chicago Daily Tribune (1923-1963),1957,http://search.proquest.com/docview/180213904?accountid=14496, C9,http://ucelinks.cdlib.org:8888/sfx_local?url_ver=Z39.88-2004&amp;rft_val_fmt=info:ofi/fmt:kev:mtx:journal&amp;genre=article&amp;sid=ProQ:ProQ%3Ahnpchicagotribune&amp;atitle=LOOP+TO+HAVE+1ST+NEW+HOTEL+IN+2+1%2F2+DECADES&amp;title=Chicago+Daily+Tribune+%281923-1963%29&amp;issn=&amp;date=1957-09-27&amp;volume=&amp;issue=&amp;spage=C9&amp;au=&amp;isbn=&amp;jtitle=Chicago+Daily+Tribune+%281923-1963%29&amp;btitle=&amp;rft_id=info:eric/&amp;rft_id=info:doi/,ProQuest Historical Newspapers: Chicago Tribune
15 Apartments in Co-op I To Go to Hospita! Aides J,,114377184,Historical Newspapers,," Copyright New York Times Company Feb 9, 1958"," 91386159 , 1527611 , 43896", real_estate_transaction," Feb 9, 1958",0362-4331, English, English,," New York, N.Y.","Feb 9, 1958",New York Times (1923-Current file),1958,http://search.proquest.com/docview/114377184?accountid=14496, R5,http://ucelinks.cdlib.org:8888/sfx_local?url_ver=Z39.88-2004&amp;rft_val_fmt=info:ofi/fmt:kev:mtx:journal&amp;genre=unknown&amp;sid=ProQ:ProQ%3Ahnpnewyorktimeswindex&amp;atitle=15+Apartments+in+Co-op+I+To+Go+to+Hospita%21+Aides+J&amp;title=New+York+Times+%281923-Current+file%29&amp;issn=03624331&amp;date=1958-02-09&amp;volume=&amp;issue=&amp;spage=R5&amp;au=&amp;isbn=&amp;jtitle=New+York+Times+%281923-Current+file%29&amp;btitle=&amp;rft_id=info:eric/&amp;rft_id=info:doi/,ProQuest Historical Newspapers: The New York Times with Index
Most D.C. Firms Now Allow Coffee Breaks,"The Washington Personnel Association made a formal survey of 50 of the larger private firms in this area and concluded: ""The coffee break is becoming solidly entrenched as a fringe benefit.""",149062192,Historical Newspapers," By S. Oliver Goodman Financial Editor
By S. Oliver Goodman Financial Editor"," Copyright The Washington Post Company Mar 22, 1958"," 139671992 , 1732312 , 48613", article," Mar 22, 1958",, English, English, C11," Washington, D.C.","Mar 22, 1958",The Washington Post and Times Herald (1954-1959),1958,http://search.proquest.com/docview/149062192?accountid=14496, C11,http://ucelinks.cdlib.org:8888/sfx_local?url_ver=Z39.88-2004&amp;rft_val_fmt=info:ofi/fmt:kev:mtx:journal&amp;genre=article&amp;sid=ProQ:ProQ%3Ahnpwashingtonpost&amp;atitle=Most+D.C.+Firms+Now+Allow+Coffee+Breaks&amp;title=The+Washington+Post+and+Times+Herald+%281954-1959%29&amp;issn=&amp;date=1958-03-22&amp;volume=&amp;issue=&amp;spage=C11&amp;au=By+S.+Oliver+Goodman+Financial+Editor&amp;isbn=&amp;jtitle=The+Washington+Post+and+Times+Herald+%281954-1959%29&amp;btitle=&amp;rft_id=info:eric/&amp;rft_id=info:doi/,ProQuest Historical Newspapers: The Washington Post
To House the Elderly,,114641627,Historical Newspapers," JAUB, S
S
S JAUB
JAUB
S. JAUB."," Copyright New York Times Company Mar 24, 1958"," 89069127 , 1517188 , 43896", letter_to_editor," Mar 24, 1958",0362-4331, English, English, 26," New York, N.Y.","Mar 24, 1958",New York Times (1923-Current file),1958,http://search.proquest.com/docview/114641627?accountid=14496, 26,http://ucelinks.cdlib.org:8888/sfx_local?url_ver=Z39.88-2004&amp;rft_val_fmt=info:ofi/fmt:kev:mtx:journal&amp;genre=unknown&amp;sid=ProQ:ProQ%3Ahnpnewyorktimeswindex&amp;atitle=To+House+the+Elderly&amp;title=New+York+Times+%281923-Current+file%29&amp;issn=03624331&amp;date=1958-03-24&amp;volume=&amp;issue=&amp;spage=26&amp;au=JAUB%2C+S&amp;isbn=&amp;jtitle=New+York+Times+%281923-Current+file%29&amp;btitle=&amp;rft_id=info:eric/&amp;rft_id=info:doi/,ProQuest Historical Newspapers: The New York Times with Index
Officials Fuss At Fire Probe,A row between assistant buildings commissioner Pat Barrett and Coroner Walter McCarron broke out yesterday during an inquest into the death of four persons in a Westside tenement fire last Thursday.,492882732,Historical Newspapers,," Copyright Real Times, Inc. May 24, 1958"," 742890832 , 7293862 , 68419", article," May 24, 1958",, English, English, 9," Chicago, Ill.","May 24, 1958",The Chicago Defender (National edition) (1921-1967),1958,http://search.proquest.com/docview/492882732?accountid=14496, 9,http://ucelinks.cdlib.org:8888/sfx_local?url_ver=Z39.88-2004&amp;rft_val_fmt=info:ofi/fmt:kev:mtx:journal&amp;genre=article&amp;sid=ProQ:ProQ%3Ahnpchicagodefender&amp;atitle=Officials+Fuss+At+Fire+Probe%3A+All+Deny+Blame+For+Deaths+Of+4&amp;title=The+Chicago+Defender+%28National+edition%29+%281921-1967%29&amp;issn=&amp;date=1958-05-24&amp;volume=&amp;issue=&amp;spage=9&amp;au=&amp;isbn=&amp;jtitle=The+Chicago+Defender+%28National+edition%29+%281921-1967%29&amp;btitle=&amp;rft_id=info:eric/&amp;rft_id=info:doi/,ProQuest Historical Newspapers: Chicago Defender
Do it Yourself,,182110834,Historical Newspapers," A NEELY HALL
A NEELY HALL"," Copyright Tribune Publishing Company Aug 31, 1958"," 569154232 , 6614132 , 53854", article," Aug 31, 1958",, English, English, n_aC," Chicago, Ill.","Aug 31, 1958",Chicago Daily Tribune (1923-1963),1958,http://search.proquest.com/docview/182110834?accountid=14496, N_AC,http://ucelinks.cdlib.org:8888/sfx_local?url_ver=Z39.88-2004&amp;rft_val_fmt=info:ofi/fmt:kev:mtx:journal&amp;genre=article&amp;sid=ProQ:ProQ%3Ahnpchicagotribune&amp;atitle=Do+it+Yourself%3A+WITH+CRAFT+PATTERNS&amp;title=Chicago+Daily+Tribune+%281923-1963%29&amp;issn=&amp;date=1958-08-31&amp;volume=&amp;issue=&amp;spage=N_AC&amp;au=A+NEELY+HALL&amp;isbn=&amp;jtitle=Chicago+Daily+Tribune+%281923-1963%29&amp;btitle=&amp;rft_id=info:eric/&amp;rft_id=info:doi/,ProQuest Historical Newspapers: Chicago Tribune
Do it Yourself,,182143759,Historical Newspapers," A NEELY HALL
A NEELY HALL"," Copyright Tribune Publishing Company Aug 31, 1958"," 569156972 , 6614132 , 53854", article," Aug 31, 1958",, English, English, nw_aC," Chicago, Ill.","Aug 31, 1958",Chicago Daily Tribune (1923-1963),1958,http://search.proquest.com/docview/182143759?accountid=14496, NW_AC,http://ucelinks.cdlib.org:8888/sfx_local?url_ver=Z39.88-2004&amp;rft_val_fmt=info:ofi/fmt:kev:mtx:journal&amp;genre=article&amp;sid=ProQ:ProQ%3Ahnpchicagotribune&amp;atitle=Do+it+Yourself%3A+WITH+CRAFT+PATTERNS&amp;title=Chicago+Daily+Tribune+%281923-1963%29&amp;issn=&amp;date=1958-08-31&amp;volume=&amp;issue=&amp;spage=NW_AC&amp;au=A+NEELY+HALL&amp;isbn=&amp;jtitle=Chicago+Daily+Tribune+%281923-1963%29&amp;btitle=&amp;rft_id=info:eric/&amp;rft_id=info:doi/,ProQuest Historical Newspapers: Chicago Tribune
Do it Yourself,,182207286,Historical Newspapers," A NEELY HALL
A NEELY HALL"," Copyright Tribune Publishing Company Aug 31, 1958"," 569157812 , 6614132 , 53854", article," Aug 31, 1958",, English, English, sw_aC," Chicago, Ill.","Aug 31, 1958",Chicago Daily Tribune (1923-1963),1958,http://search.proquest.com/docview/182207286?accountid=14496, SW_AC,http://ucelinks.cdlib.org:8888/sfx_local?url_ver=Z39.88-2004&amp;rft_val_fmt=info:ofi/fmt:kev:mtx:journal&amp;genre=article&amp;sid=ProQ:ProQ%3Ahnpchicagotribune&amp;atitle=Do+it+Yourself%3A+WITH+CRAFT+PATTERNS&amp;title=Chicago+Daily+Tribune+%281923-1963%29&amp;issn=&amp;date=1958-08-31&amp;volume=&amp;issue=&amp;spage=SW_AC&amp;au=A+NEELY+HALL&amp;isbn=&amp;jtitle=Chicago+Daily+Tribune+%281923-1963%29&amp;btitle=&amp;rft_id=info:eric/&amp;rft_id=info:doi/,ProQuest Historical Newspapers: Chicago Tribune
Do it Yourself,,182212223,Historical Newspapers," A NEELY HALL
A NEELY HALL"," Copyright Tribune Publishing Company Aug 31, 1958"," 569155012 , 6614132 , 53854", article," Aug 31, 1958",, English, English, s_aC," Chicago, Ill.","Aug 31, 1958",Chicago Daily Tribune (1923-1963),1958,http://search.proquest.com/docview/182212223?accountid=14496, S_AC,http://ucelinks.cdlib.org:8888/sfx_local?url_ver=Z39.88-2004&amp;rft_val_fmt=info:ofi/fmt:kev:mtx:journal&amp;genre=article&amp;sid=ProQ:ProQ%3Ahnpchicagotribune&amp;atitle=Do+it+Yourself%3A+WITH+CRAFT+PATTERNS&amp;title=Chicago+Daily+Tribune+%281923-1963%29&amp;issn=&amp;date=1958-08-31&amp;volume=&amp;issue=&amp;spage=S_AC&amp;au=A+NEELY+HALL&amp;isbn=&amp;jtitle=Chicago+Daily+Tribune+%281923-1963%29&amp;btitle=&amp;rft_id=info:eric/&amp;rft_id=info:doi/,ProQuest Historical Newspapers: Chicago Tribune
Do it Yourself--,,182212768,Historical Newspapers," A NEELY HALL
A NEELY HALL"," Copyright Tribune Publishing Company Aug 31, 1958"," 569155812 , 6614132 , 53854", article," Aug 31, 1958",, English, English, w_aC," Chicago, Ill.","Aug 31, 1958",Chicago Daily Tribune (1923-1963),1958,http://search.proquest.com/docview/182212768?accountid=14496, W_AC,http://ucelinks.cdlib.org:8888/sfx_local?url_ver=Z39.88-2004&amp;rft_val_fmt=info:ofi/fmt:kev:mtx:journal&amp;genre=article&amp;sid=ProQ:ProQ%3Ahnpchicagotribune&amp;atitle=Do+it+Yourself--%3A+WITH+CRAFT+PATTERNS&amp;title=Chicago+Daily+Tribune+%281923-1963%29&amp;issn=&amp;date=1958-08-31&amp;volume=&amp;issue=&amp;spage=W_AC&amp;au=A+NEELY+HALL&amp;isbn=&amp;jtitle=Chicago+Daily+Tribune+%281923-1963%29&amp;btitle=&amp;rft_id=info:eric/&amp;rft_id=info:doi/,ProQuest Historical Newspapers: Chicago Tribune
Dedicate Tabor Church Sunday,"Tabor Evangelical Lutheran church, 3532 Sunnyside av., will dedicate its recently modernized elementary school Sunday, the 52d anniversary of the church's founding.",182175319,Historical Newspapers,," Copyright Tribune Publishing Company Nov 27, 1958"," 584435542 , 6667752 , 53854", article," Nov 27, 1958",, English, English, n5," Chicago, Ill.","Nov 27, 1958",Chicago Daily Tribune (1923-1963),1958,http://search.proquest.com/docview/182175319?accountid=14496, N5,http://ucelinks.cdlib.org:8888/sfx_local?url_ver=Z39.88-2004&amp;rft_val_fmt=info:ofi/fmt:kev:mtx:journal&amp;genre=article&amp;sid=ProQ:ProQ%3Ahnpchicagotribune&amp;atitle=Dedicate+Tabor+Church+Sunday%3A+TABOR+CHURCH+TO+MARK+DUAL+EVENT+SUNDAY&amp;title=Chicago+Daily+Tribune+%281923-1963%29&amp;issn=&amp;date=1958-11-27&amp;volume=&amp;issue=&amp;spage=N5&amp;au=&amp;isbn=&amp;jtitle=Chicago+Daily+Tribune+%281923-1963%29&amp;btitle=&amp;rft_id=info:eric/&amp;rft_id=info:doi/,ProQuest Historical Newspapers: Chicago Tribune
Hospital Walls Gaily Decorated,"The new pediatrics and chronic illness divisions will be open from 1 to 5 p. m. Sunday at Resurrection hospital, 7435 Talcott av. Cost of the new divisions and an addition to the hospital sisters convent is about $1,125,000.",182148026,Historical Newspapers,," Copyright Tribune Publishing Company Nov 30, 1958"," 584447852 , 6667772 , 53854", article," Nov 30, 1958",, English, English, nw9," Chicago, Ill.","Nov 30, 1958",Chicago Daily Tribune (1923-1963),1958,http://search.proquest.com/docview/182148026?accountid=14496, NW9,http://ucelinks.cdlib.org:8888/sfx_local?url_ver=Z39.88-2004&amp;rft_val_fmt=info:ofi/fmt:kev:mtx:journal&amp;genre=article&amp;sid=ProQ:ProQ%3Ahnpchicagotribune&amp;atitle=Hospital+Walls+Gaily+Decorated%3A+RESURRECTION+TO+HOLD+OPEN+HOUSE+SUNDAY+Set+Tours+of+New+Hospital+Units&amp;title=Chicago+Daily+Tribune+%281923-1963%29&amp;issn=&amp;date=1958-11-30&amp;volume=&amp;issue=&amp;spage=NW9&amp;au=&amp;isbn=&amp;jtitle=Chicago+Daily+Tribune+%281923-1963%29&amp;btitle=&amp;rft_id=info:eric/&amp;rft_id=info:doi/,ProQuest Historical Newspapers: Chicago Tribune
HOTEL SEEKS TO CONVERT TO APARTMENTS,"La Salle National bank, as trustee, has asked the Circuit Court for an order directing George L. Ramsey, building commissioner, to issue a permit to convert the four story Mira-mar hotel, 6218 Woodlawn av.",182224844,Historical Newspapers," Priddy, Gladys
Gladys
Gladys Priddy
Priddy
GLADYS PRIDDY"," Copyright Tribune Publishing Company Dec 7, 1958"," 584458552 , 6667782 , 53854", article," Dec 7, 1958",, English, English, s2," Chicago, Ill.","Dec 7, 1958",Chicago Daily Tribune (1923-1963),1958,http://search.proquest.com/docview/182224844?accountid=14496, S2,http://ucelinks.cdlib.org:8888/sfx_local?url_ver=Z39.88-2004&amp;rft_val_fmt=info:ofi/fmt:kev:mtx:journal&amp;genre=article&amp;sid=ProQ:ProQ%3Ahnpchicagotribune&amp;atitle=HOTEL+SEEKS+TO+CONVERT+TO+APARTMENTS%3A+TAKES+ALTERATION+PLEA+TO+CIRCUIT+COURT&amp;title=Chicago+Daily+Tribune+%281923-1963%29&amp;issn=&amp;date=1958-12-07&amp;volume=&amp;issue=&amp;spage=S2&amp;au=Priddy%2C+Gladys&amp;isbn=&amp;jtitle=Chicago+Daily+Tribune+%281923-1963%29&amp;btitle=&amp;rft_id=info:eric/&amp;rft_id=info:doi/,ProQuest Historical Newspapers: Chicago Tribune
Week By Week,"In the days of my youth I read a great deal. But now that I write 12 hours a day for a living, it seems impossible for me to read anything any more -- except my own writing. From the first drafts of one's own work through the final typed manuscript, much...",492900724,Historical Newspapers," Hughes, Langston
Langston
Langston Hughes
Hughes
LANGSTON HUGHES"," Copyright Real Times, Inc. Dec 20, 1958"," 740286902 , 7287152 , 68419", article," Dec 20, 1958",, English, English, 10," Chicago, Ill.","Dec 20, 1958",The Chicago Defender (National edition) (1921-1967),1958,http://search.proquest.com/docview/492900724?accountid=14496, 10,http://ucelinks.cdlib.org:8888/sfx_local?url_ver=Z39.88-2004&amp;rft_val_fmt=info:ofi/fmt:kev:mtx:journal&amp;genre=article&amp;sid=ProQ:ProQ%3Ahnpchicagodefender&amp;atitle=Week+By+Week%3A+Words+That+Echo+In+the+Mind&amp;title=The+Chicago+Defender+%28National+edition%29+%281921-1967%29&amp;issn=&amp;date=1958-12-20&amp;volume=&amp;issue=&amp;spage=10&amp;au=Hughes%2C+Langston&amp;isbn=&amp;jtitle=The+Chicago+Defender+%28National+edition%29+%281921-1967%29&amp;btitle=&amp;rft_id=info:eric/&amp;rft_id=info:doi/,ProQuest Historical Newspapers: Chicago Defender
Need Blood for Man Ill Many Years,"We are hopeful of obtaining type O negative blood for Mr. B., 70 years old, who has been under medical care for many years. Throat surgery saved his life seven years ago and there have...",182200520,Historical Newspapers," Brown, Sally Joy
Sally
Sally Joy Brown
Brown
Joy
SALLY JOY BROWN"," Copyright Tribune Publishing Company Jan 6, 1959"," 564183192 , 6572042 , 53854", article," Jan 6, 1959",, English, English, 18," Chicago, Ill.","Jan 6, 1959",Chicago Daily Tribune (1923-1963),1959,http://search.proquest.com/docview/182200520?accountid=14496, 18,http://ucelinks.cdlib.org:8888/sfx_local?url_ver=Z39.88-2004&amp;rft_val_fmt=info:ofi/fmt:kev:mtx:journal&amp;genre=article&amp;sid=ProQ:ProQ%3Ahnpchicagotribune&amp;atitle=Need+Blood+for+Man+Ill+Many+Years&amp;title=Chicago+Daily+Tribune+%281923-1963%29&amp;issn=&amp;date=1959-01-06&amp;volume=&amp;issue=&amp;spage=18&amp;au=Brown%2C+Sally+Joy&amp;isbn=&amp;jtitle=Chicago+Daily+Tribune+%281923-1963%29&amp;btitle=&amp;rft_id=info:eric/&amp;rft_id=info:doi/,ProQuest Historical Newspapers: Chicago Tribune
"$130,000 Structure",,182286848,Historical Newspapers,," Copyright Tribune Publishing Company Mar 5, 1959"," 564490322 , 6572622 , 53854", article," Mar 5, 1959",, English, English, w4," Chicago, Ill.","Mar 5, 1959",Chicago Daily Tribune (1923-1963),1959,http://search.proquest.com/docview/182286848?accountid=14496, W4,http://ucelinks.cdlib.org:8888/sfx_local?url_ver=Z39.88-2004&amp;rft_val_fmt=info:ofi/fmt:kev:mtx:journal&amp;genre=article&amp;sid=ProQ:ProQ%3Ahnpchicagotribune&amp;atitle=%24130%2C000+Structure&amp;title=Chicago+Daily+Tribune+%281923-1963%29&amp;issn=&amp;date=1959-03-05&amp;volume=&amp;issue=&amp;spage=W4&amp;au=&amp;isbn=&amp;jtitle=Chicago+Daily+Tribune+%281923-1963%29&amp;btitle=&amp;rft_id=info:eric/&amp;rft_id=info:doi/,ProQuest Historical Newspapers: Chicago Tribune
Dormitory Unit at College Set,,167468633,Historical Newspapers,," Copyright Times Mirror Company Mar 22, 1959"," 494035562 , 6135512 , 53850", article," Mar 22, 1959",0458-3035, English, English, f8," Los Angeles, Calif.","Mar 22, 1959",Los Angeles Times (1923-Current File),1959,http://search.proquest.com/docview/167468633?accountid=14496, F8,http://ucelinks.cdlib.org:8888/sfx_local?url_ver=Z39.88-2004&amp;rft_val_fmt=info:ofi/fmt:kev:mtx:journal&amp;genre=article&amp;sid=ProQ:ProQ%3Ahnplatimes&amp;atitle=Dormitory+Unit+at+College+Set&amp;title=Los+Angeles+Times+%281923-Current+File%29&amp;issn=04583035&amp;date=1959-03-22&amp;volume=&amp;issue=&amp;spage=F8&amp;au=&amp;isbn=&amp;jtitle=Los+Angeles+Times+%281923-Current+File%29&amp;btitle=&amp;rft_id=info:eric/&amp;rft_id=info:doi/,ProQuest Historical Newspapers: Los Angeles Times
Do it Yourself...with,,182269596,Historical Newspapers,," Copyright Tribune Publishing Company Mar 22, 1959"," 564586952 , 6572792 , 53854", article," Mar 22, 1959",, English, English, sA," Chicago, Ill.","Mar 22, 1959",Chicago Daily Tribune (1923-1963),1959,http://search.proquest.com/docview/182269596?accountid=14496, SA,http://ucelinks.cdlib.org:8888/sfx_local?url_ver=Z39.88-2004&amp;rft_val_fmt=info:ofi/fmt:kev:mtx:journal&amp;genre=article&amp;sid=ProQ:ProQ%3Ahnpchicagotribune&amp;atitle=Do+it+Yourself...with%3A+CRAFT+PATTERNS+Get+Ready+for+Summer+Camping&amp;title=Chicago+Daily+Tribune+%281923-1963%29&amp;issn=&amp;date=1959-03-22&amp;volume=&amp;issue=&amp;spage=SA&amp;au=&amp;isbn=&amp;jtitle=Chicago+Daily+Tribune+%281923-1963%29&amp;btitle=&amp;rft_id=info:eric/&amp;rft_id=info:doi/,ProQuest Historical Newspapers: Chicago Tribune
Build it from a pattern,,167516447,Historical Newspapers," A Neely Hall
A Neely Hall"," Copyright Times Mirror Company Apr 19, 1959"," 494116262 , 6135552 , 53850", article," Apr 19, 1959",0458-3035, English, English, j63," Los Angeles, Calif.","Apr 19, 1959",Los Angeles Times (1923-Current File),1959,http://search.proquest.com/docview/167516447?accountid=14496, J63,http://ucelinks.cdlib.org:8888/sfx_local?url_ver=Z39.88-2004&amp;rft_val_fmt=info:ofi/fmt:kev:mtx:journal&amp;genre=article&amp;sid=ProQ:ProQ%3Ahnplatimes&amp;atitle=Build+it+from+a+pattern%3A+A+trailer+for+camping&amp;title=Los+Angeles+Times+%281923-Current+File%29&amp;issn=04583035&amp;date=1959-04-19&amp;volume=&amp;issue=&amp;spage=J63&amp;au=A+Neely+Hall&amp;isbn=&amp;jtitle=Los+Angeles+Times+%281923-Current+File%29&amp;btitle=&amp;rft_id=info:eric/&amp;rft_id=info:doi/,ProQuest Historical Newspapers: Los Angeles Times
Ultra-Modern Flick-Reedy Factory to Be Dedicated,The new ultra-modern plant of the Flick-Reedy corporation in Bensenville will be dedicated Sunday and an open house is planned for employes' families and friends.,182332606,Historical Newspapers,," Copyright Tribune Publishing Company Jul 26, 1959"," 593424942 , 6701292 , 53854", article," Jul 26, 1959",, English, English, a11," Chicago, Ill.","Jul 26, 1959",Chicago Daily Tribune (1923-1963),1959,http://search.proquest.com/docview/182332606?accountid=14496, A11,http://ucelinks.cdlib.org:8888/sfx_local?url_ver=Z39.88-2004&amp;rft_val_fmt=info:ofi/fmt:kev:mtx:journal&amp;genre=article&amp;sid=ProQ:ProQ%3Ahnpchicagotribune&amp;atitle=Ultra-Modern+Flick-Reedy+Factory+to+Be+Dedicated&amp;title=Chicago+Daily+Tribune+%281923-1963%29&amp;issn=&amp;date=1959-07-26&amp;volume=&amp;issue=&amp;spage=A11&amp;au=&amp;isbn=&amp;jtitle=Chicago+Daily+Tribune+%281923-1963%29&amp;btitle=&amp;rft_id=info:eric/&amp;rft_id=info:doi/,ProQuest Historical Newspapers: Chicago Tribune
NORWOOD HOME WILL ENLARGE 50 PER CENT,"Construction is well under way on a three story addition to Norwood Park Home for the Aged, 6016 Nina av. The new facilities will increase the home's capacity from 100 to 150 persons.",182353416,Historical Newspapers,," Copyright Tribune Publishing Company Aug 30, 1959"," 593507432 , 6701392 , 53854", article," Aug 30, 1959",, English, English, nw10," Chicago, Ill.","Aug 30, 1959",Chicago Daily Tribune (1923-1963),1959,http://search.proquest.com/docview/182353416?accountid=14496, NW10,http://ucelinks.cdlib.org:8888/sfx_local?url_ver=Z39.88-2004&amp;rft_val_fmt=info:ofi/fmt:kev:mtx:journal&amp;genre=article&amp;sid=ProQ:ProQ%3Ahnpchicagotribune&amp;atitle=NORWOOD+HOME+WILL+ENLARGE+50+PER+CENT%3A+%24550%2C000+ADDITION+BEING+BUILT&amp;title=Chicago+Daily+Tribune+%281923-1963%29&amp;issn=&amp;date=1959-08-30&amp;volume=&amp;issue=&amp;spage=NW10&amp;au=&amp;isbn=&amp;jtitle=Chicago+Daily+Tribune+%281923-1963%29&amp;btitle=&amp;rft_id=info:eric/&amp;rft_id=info:doi/,ProQuest Historical Newspapers: Chicago Tribune
Church Plans New Facilities,,167534938,Historical Newspapers,," Copyright Times Mirror Company Oct 4, 1959"," 485442052 , 6123202 , 53850", article," Oct 4, 1959",0458-3035, English, English, f8," Los Angeles, Calif.","Oct 4, 1959",Los Angeles Times (1923-Current File),1959,http://search.proquest.com/docview/167534938?accountid=14496, F8,http://ucelinks.cdlib.org:8888/sfx_local?url_ver=Z39.88-2004&amp;rft_val_fmt=info:ofi/fmt:kev:mtx:journal&amp;genre=article&amp;sid=ProQ:ProQ%3Ahnplatimes&amp;atitle=Church+Plans+New+Facilities&amp;title=Los+Angeles+Times+%281923-Current+File%29&amp;issn=04583035&amp;date=1959-10-04&amp;volume=&amp;issue=&amp;spage=F8&amp;au=&amp;isbn=&amp;jtitle=Los+Angeles+Times+%281923-Current+File%29&amp;btitle=&amp;rft_id=info:eric/&amp;rft_id=info:doi/,ProQuest Historical Newspapers: Los Angeles Times
